{"stats":{"minecraft:dropped":{"minecraft:cooked_beef":3,"minecraft:cobblestone":1,"dungeonsweaponry:glaive":1,"iceandfire:sapphire_gem":1,"tombstone:grave_key":1,"minecraft:wooden_axe":1,"tombstone:grave_dust":3,"aquaculture:box_turtle":1,"minecraft:bow":1,"minecraft:wooden_pickaxe":1},"minecraft:killed":{"aquaculture:box_turtle":1,"dungeonsweaponry:vanguard":3,"minecraft:slime":4,"minecraft:skeleton":2,"minecraft:zombie":6},"minecraft:custom":{"minecraft:interact_with_furnace":23,"minecraft:mob_kills":17,"minecraft:interact_with_crafting_table":24,"minecraft:leave_game":3,"minecraft:time_since_death":26535,"minecraft:climb_one_cm":287,"minecraft:time_since_rest":26131,"minecraft:sprint_one_cm":166777,"minecraft:damage_taken":3282,"minecraft:walk_one_cm":344278,"minecraft:drop":12,"minecraft:damage_dealt":4034,"minecraft:swim_one_cm":13616,"minecraft:fly_one_cm":326144,"minecraft:player_kills":1,"minecraft:open_chest":6,"minecraft:crouch_one_cm":5241,"minecraft:play_time":76830,"tombstone:undead_killed":8,"minecraft:deaths":3,"minecraft:sneak_time":1375,"minecraft:walk_under_water_one_cm":7608,"tombstone:tomb_raiding":1,"minecraft:jump":896,"minecraft:walk_on_water_one_cm":6056,"minecraft:total_world_time":76830,"minecraft:fall_one_cm":17020},"minecraft:crafted":{"minecraft:oak_planks":28,"minecraft:crafting_table":1,"minecraft:wooden_pickaxe":1,"mvw:stone_knife":1,"minecraft:furnace":1,"epicfight:stone_greatsword":1,"minecraft:stone_axe":1,"minecraft:air":0,"mvw:stone_rapier":1,"travelersbackpack:white_sleeping_bag":1,"mvw:stone_double_axe":1,"minecraft:iron_axe":1,"minecraft:stick":24,"epicfight:iron_greatsword":1,"minecraft:iron_pickaxe":1,"minecraft:wooden_axe":1,"minecraft:iron_ingot":33,"minecraft:stone_pickaxe":1,"aquaculture:stone_fillet_knife":1},"minecraft:killed_by":{"minecraft:player":2},"minecraft:used":{"mvw:stone_knife":1,"epicfight:skillbook":1,"minecraft:polished_andesite":2,"minecraft:wooden_pickaxe":20,"minecraft:dirt":1,"minecraft:crafting_table":3,"iceandfire:silver_pickaxe":204,"minecraft:wooden_axe":3,"minecraft:iron_axe":1,"minecraft:iron_pickaxe":97,"minecraft:stone_bricks":1,"minecraft:chiseled_stone_bricks":2,"epicfight:stone_greatsword":47,"mvw:stone_rapier":1,"minecraft:stone_axe":2,"minecraft:cobblestone":91,"minecraft:furnace":2,"mvw:stone_double_axe":8,"tombstone:gift":1,"minecraft:cooked_beef":18},"minecraft:picked_up":{"minecraft:wooden_axe":2,"iceandfire:sapphire_gem":3,"minecraft:crafting_table":4,"minecraft:cooked_beef":26,"minecraft:clay_ball":28,"minecraft:wooden_pickaxe":2,"minecraft:enchanted_book":1,"minecraft:tuff":2,"minecraft:oak_log":7,"minecraft:lapis_lazuli":25,"minecraft:string":2,"minecraft:dirt":20,"minecraft:smooth_sandstone":1,"minecraft:pufferfish":1,"minecraft:bone":1,"minecraft:stone_bricks":3,"minecraft:bow":1,"minecraft:raw_gold":5,"minecraft:cobbled_deepslate":51,"minecraft:spruce_planks":12,"minecraft:iron_ingot":17,"minecraft:stone_pickaxe":1,"aquaculture:box_turtle":2,"minecraft:moss_block":2,"minecraft:oak_planks":11,"minecraft:furnace":3,"minecraft:stick":1,"minecraft:raw_iron":36,"iceandfire:dragonbone":7,"epicfight:stone_greatsword":1,"minecraft:chiseled_stone_bricks":2,"epicfight:skillbook":1,"minecraft:sand":1,"tombstone:grave_dust":6,"minecraft:polished_andesite":2,"iceandfire:silver_pickaxe":1,"minecraft:slime_ball":6,"minecraft:diamond":5,"minecraft:stone_axe":1,"minecraft:emerald":11,"dungeonsweaponry:glaive":1,"minecraft:mutton":1,"minecraft:white_wool":3,"minecraft:coal":70,"iceandfire:raw_silver":2,"minecraft:cobblestone":182},"minecraft:mined":{"minecraft:tuff":2,"iceandfire:silver_ore":1,"minecraft:deepslate_diamond_ore":6,"minecraft:clay":7,"minecraft:smooth_sandstone":1,"minecraft:crafting_table":4,"minecraft:grass_block":2,"iceandfire:deepslate_silver_ore":1,"iceandfire:sapphire_ore":1,"minecraft:cobblestone":12,"minecraft:deepslate_gold_ore":5,"minecraft:lapis_ore":5,"minecraft:moss_block":2,"minecraft:chiseled_stone_bricks":2,"minecraft:furnace":2,"minecraft:iron_ore":35,"minecraft:grass":3,"minecraft:oak_log":7,"minecraft:coal_ore":13,"minecraft:deepslate_iron_ore":1,"minecraft:sand":1,"minecraft:dirt":14,"minecraft:stone_bricks":2,"minecraft:polished_andesite":1,"minecraft:stone":155,"minecraft:deepslate":51,"minecraft:fern":1}},"DataVersion":3465}