{"stats":{"minecraft:dropped":{"minecraft:cooked_beef":3,"iceandfire:sapphire_gem":1,"tombstone:grave_key":1,"minecraft:wooden_axe":1,"aquaculture:box_turtle":1,"minecraft:bow":1,"minecraft:wooden_pickaxe":1},"minecraft:killed":{"aquaculture:box_turtle":1,"minecraft:slime":4,"minecraft:skeleton":2,"minecraft:zombie":4},"minecraft:custom":{"minecraft:interact_with_furnace":12,"minecraft:mob_kills":12,"minecraft:interact_with_crafting_table":15,"minecraft:leave_game":3,"minecraft:time_since_death":2535,"minecraft:time_since_rest":2131,"minecraft:sprint_one_cm":116564,"minecraft:damage_taken":2909,"minecraft:walk_one_cm":247594,"minecraft:drop":9,"minecraft:damage_dealt":2613,"minecraft:swim_one_cm":13191,"minecraft:fly_one_cm":253022,"minecraft:player_kills":1,"minecraft:crouch_one_cm":4849,"minecraft:play_time":52830,"tombstone:undead_killed":6,"minecraft:deaths":3,"minecraft:sneak_time":1096,"minecraft:walk_under_water_one_cm":5917,"tombstone:tomb_raiding":1,"minecraft:jump":703,"minecraft:walk_on_water_one_cm":4425,"minecraft:total_world_time":52830,"minecraft:fall_one_cm":10102},"minecraft:crafted":{"minecraft:oak_planks":28,"minecraft:crafting_table":1,"minecraft:wooden_pickaxe":1,"mvw:stone_knife":1,"minecraft:furnace":1,"epicfight:stone_greatsword":1,"minecraft:stone_axe":1,"minecraft:air":0,"mvw:stone_rapier":1,"mvw:stone_double_axe":1,"minecraft:stick":12,"minecraft:wooden_axe":1,"minecraft:iron_ingot":13,"minecraft:stone_pickaxe":1,"aquaculture:stone_fillet_knife":1},"minecraft:killed_by":{"minecraft:player":2},"minecraft:used":{"mvw:stone_knife":1,"epicfight:skillbook":1,"minecraft:wooden_pickaxe":20,"minecraft:crafting_table":2,"iceandfire:silver_pickaxe":105,"minecraft:wooden_axe":3,"epicfight:stone_greatsword":29,"mvw:stone_rapier":1,"minecraft:stone_axe":2,"minecraft:cobblestone":84,"minecraft:furnace":1,"mvw:stone_double_axe":8,"tombstone:gift":1,"minecraft:cooked_beef":13},"minecraft:picked_up":{"minecraft:wooden_axe":2,"iceandfire:sapphire_gem":3,"minecraft:crafting_table":3,"minecraft:cooked_beef":26,"minecraft:wooden_pickaxe":2,"minecraft:enchanted_book":1,"minecraft:oak_log":7,"minecraft:string":2,"minecraft:dirt":9,"minecraft:pufferfish":1,"minecraft:bow":1,"minecraft:spruce_planks":12,"minecraft:iron_ingot":13,"minecraft:stone_pickaxe":1,"aquaculture:box_turtle":2,"minecraft:oak_planks":11,"minecraft:furnace":2,"minecraft:stick":1,"minecraft:raw_iron":12,"iceandfire:dragonbone":7,"epicfight:stone_greatsword":1,"epicfight:skillbook":1,"iceandfire:silver_pickaxe":1,"minecraft:slime_ball":6,"minecraft:stone_axe":1,"minecraft:mutton":1,"minecraft:white_wool":3,"minecraft:coal":43,"iceandfire:raw_silver":2,"minecraft:cobblestone":110},"minecraft:mined":{"iceandfire:silver_ore":1,"minecraft:crafting_table":3,"minecraft:grass_block":2,"iceandfire:deepslate_silver_ore":1,"iceandfire:sapphire_ore":1,"minecraft:cobblestone":10,"minecraft:furnace":1,"minecraft:iron_ore":11,"minecraft:grass":2,"minecraft:oak_log":7,"minecraft:coal_ore":13,"minecraft:deepslate_iron_ore":1,"minecraft:dirt":3,"minecraft:stone":82,"minecraft:fern":1}},"DataVersion":3465}