{"stats":{"minecraft:dropped":{"minecraft:cooked_beef":3,"minecraft:cobblestone":1,"dungeonsweaponry:glaive":1,"iceandfire:sapphire_gem":1,"tombstone:grave_key":1,"minecraft:wooden_axe":1,"minecraft:chest":1,"tombstone:grave_dust":3,"aquaculture:box_turtle":1,"minecraft:bow":1,"minecraft:wooden_pickaxe":1},"minecraft:killed":{"aquaculture:box_turtle":1,"dungeonsweaponry:vanguard":3,"minecraft:spider":1,"minecraft:iron_golem":1,"minecraft:slime":4,"minecraft:creeper":1,"minecraft:skeleton":2,"minecraft:zombie":7,"minecraft:cow":4},"minecraft:custom":{"minecraft:interact_with_furnace":34,"minecraft:mob_kills":25,"minecraft:interact_with_crafting_table":32,"minecraft:eat_cake_slice":5,"minecraft:leave_game":3,"minecraft:time_since_death":38535,"minecraft:climb_one_cm":287,"minecraft:time_since_rest":38131,"minecraft:sprint_one_cm":237467,"minecraft:damage_taken":3516,"minecraft:walk_one_cm":371989,"minecraft:drop":13,"minecraft:damage_dealt":5709,"minecraft:swim_one_cm":14085,"minecraft:fly_one_cm":456453,"minecraft:player_kills":1,"minecraft:open_chest":11,"minecraft:crouch_one_cm":5457,"minecraft:play_time":88830,"tombstone:undead_killed":9,"minecraft:deaths":3,"minecraft:sneak_time":1514,"minecraft:walk_under_water_one_cm":10095,"tombstone:tomb_raiding":1,"minecraft:jump":1163,"minecraft:walk_on_water_one_cm":10855,"minecraft:total_world_time":88830,"minecraft:fall_one_cm":21374},"minecraft:crafted":{"minecraft:oak_planks":28,"minecraft:crafting_table":2,"travelersbackpack:standard":1,"travelersbackpack:backpack_tank":2,"minecraft:wooden_pickaxe":1,"mvw:stone_knife":1,"minecraft:furnace":1,"travelersbackpack:diamond":1,"epicfight:stone_greatsword":1,"minecraft:stone_axe":1,"minecraft:air":0,"mvw:stone_rapier":1,"minecraft:glass":13,"travelersbackpack:white_sleeping_bag":1,"mvw:stone_double_axe":1,"minecraft:iron_axe":1,"minecraft:gold_ingot":5,"minecraft:chest":1,"minecraft:stick":24,"epicfight:iron_greatsword":1,"minecraft:iron_pickaxe":1,"minecraft:wooden_axe":1,"minecraft:iron_ingot":33,"minecraft:stone_pickaxe":1,"aquaculture:stone_fillet_knife":1,"minecraft:dark_oak_planks":12},"minecraft:killed_by":{"minecraft:player":2},"minecraft:used":{"mvw:stone_knife":1,"epicfight:skillbook":1,"minecraft:polished_andesite":2,"minecraft:wooden_pickaxe":20,"travelersbackpack:diamond":1,"minecraft:dirt":1,"minecraft:crafting_table":5,"iceandfire:silver_pickaxe":204,"minecraft:wooden_axe":3,"epicfight:iron_greatsword":14,"minecraft:iron_axe":7,"minecraft:iron_pickaxe":105,"minecraft:stone_bricks":1,"minecraft:chiseled_stone_bricks":2,"epicfight:stone_greatsword":47,"mvw:stone_rapier":1,"minecraft:stone_axe":2,"minecraft:cobblestone":94,"minecraft:furnace":4,"mvw:stone_double_axe":8,"tombstone:gift":1,"minecraft:cooked_beef":20},"minecraft:picked_up":{"minecraft:wooden_axe":2,"iceandfire:sapphire_gem":3,"minecraft:crafting_table":5,"minecraft:cooked_beef":26,"minecraft:clay_ball":28,"minecraft:leather":7,"minecraft:wooden_pickaxe":2,"minecraft:enchanted_book":1,"minecraft:tuff":2,"minecraft:oak_log":7,"minecraft:lapis_lazuli":25,"minecraft:string":2,"minecraft:dirt":20,"minecraft:smooth_sandstone":1,"minecraft:pufferfish":1,"minecraft:bone":1,"minecraft:stone_bricks":3,"minecraft:bow":1,"minecraft:raw_gold":5,"minecraft:cobbled_deepslate":51,"minecraft:spruce_planks":12,"minecraft:beef":8,"minecraft:iron_ingot":22,"minecraft:stone_pickaxe":1,"aquaculture:box_turtle":2,"minecraft:moss_block":2,"minecraft:chest":1,"minecraft:oak_planks":11,"minecraft:furnace":5,"minecraft:stick":1,"minecraft:raw_iron":36,"iceandfire:dragonbone":7,"minecraft:sweet_berries":2,"epicfight:stone_greatsword":1,"minecraft:chiseled_stone_bricks":2,"epicfight:skillbook":1,"minecraft:sand":13,"tombstone:grave_dust":6,"minecraft:polished_andesite":2,"iceandfire:silver_pickaxe":1,"minecraft:rotten_flesh":2,"minecraft:slime_ball":6,"minecraft:diamond":5,"minecraft:stone_axe":1,"minecraft:stripped_dark_oak_wood":3,"minecraft:emerald":11,"dungeonsweaponry:glaive":1,"minecraft:mutton":1,"minecraft:white_wool":3,"minecraft:coal":119,"iceandfire:raw_silver":2,"minecraft:cobblestone":182},"minecraft:mined":{"minecraft:tuff":2,"iceandfire:silver_ore":1,"minecraft:deepslate_diamond_ore":6,"minecraft:clay":7,"minecraft:smooth_sandstone":1,"minecraft:crafting_table":6,"minecraft:grass_block":2,"iceandfire:deepslate_silver_ore":1,"iceandfire:sapphire_ore":1,"minecraft:cobblestone":12,"biomesoplenty:sprout":1,"minecraft:deepslate_gold_ore":5,"minecraft:lapis_ore":5,"minecraft:moss_block":2,"minecraft:chiseled_stone_bricks":2,"minecraft:furnace":4,"minecraft:iron_ore":35,"minecraft:sweet_berry_bush":1,"minecraft:stripped_dark_oak_wood":3,"minecraft:grass":5,"minecraft:oak_log":7,"minecraft:coal_ore":13,"minecraft:deepslate_iron_ore":1,"minecraft:sand":13,"minecraft:dirt":14,"minecraft:stone_bricks":2,"minecraft:polished_andesite":1,"minecraft:stone":155,"minecraft:deepslate":51,"minecraft:fern":1}},"DataVersion":3465}