{"stats":{"minecraft:dropped":{"minecraft:wheat_seeds":6,"minecraft:cooked_beef":9,"minecraft:cobblestone":1,"dynamictrees:spruce_seed":4,"tombstone:grave_key":1,"minecraft:wooden_axe":1,"tombstone:grave_dust":3,"aquaculture:box_turtle":1,"iceandfire:frozen_cobblestone":2,"minecraft:sweet_berries":3,"minecraft:light_gray_wool":1,"iceandfire:frozen_stone":1,"dungeonsweaponry:glaive":1,"minecraft:big_dripleaf":1,"iceandfire:sapphire_gem":1,"minecraft:melon_seeds":1,"minecraft:chest":1,"minecraft:bow":1,"minecraft:wooden_pickaxe":1,"dungeonsweaponry:power_bow":1},"minecraft:killed":{"dungeonsweaponry:vanguard":3,"minecraft:spider":2,"minecraft:slime":4,"minecraft:skeleton":3,"aquaculture:box_turtle":1,"minecraft:iron_golem":2,"minecraft:creeper":2,"minecraft:zombie":7,"iceandfire:ghost":3,"minecraft:glow_squid":1,"minecraft:cow":4},"minecraft:custom":{"minecraft:mob_kills":33,"minecraft:interact_with_crafting_table":37,"minecraft:open_barrel":2,"minecraft:eat_cake_slice":5,"minecraft:leave_game":3,"minecraft:time_since_death":6228,"minecraft:climb_one_cm":1664,"minecraft:sprint_one_cm":376111,"minecraft:walk_one_cm":525511,"minecraft:drop":33,"minecraft:play_time":130830,"minecraft:deaths":5,"minecraft:sneak_time":2615,"minecraft:walk_under_water_one_cm":14941,"tombstone:tomb_raiding":1,"minecraft:jump":2033,"minecraft:walk_on_water_one_cm":18318,"minecraft:total_world_time":130830,"minecraft:interact_with_furnace":37,"minecraft:time_since_rest":5701,"minecraft:damage_taken":6020,"minecraft:trigger_trapped_chest":4,"minecraft:damage_dealt":9292,"minecraft:player_kills":1,"minecraft:swim_one_cm":14085,"minecraft:fly_one_cm":744758,"minecraft:open_chest":18,"minecraft:crouch_one_cm":8101,"tombstone:undead_killed":13,"minecraft:fall_one_cm":50912},"minecraft:crafted":{"minecraft:oak_planks":28,"minecraft:furnace":1,"travelersbackpack:diamond":1,"minecraft:glass":13,"travelersbackpack:white_sleeping_bag":1,"minecraft:iron_boots":1,"minecraft:iron_axe":1,"minecraft:stone_pickaxe":1,"epicfight:iron_greatsword":1,"minecraft:chest":1,"minecraft:dark_oak_planks":12,"minecraft:crafting_table":3,"minecraft:spruce_planks":28,"mvw:stone_knife":1,"travelersbackpack:backpack_tank":2,"minecraft:wooden_pickaxe":1,"travelersbackpack:standard":1,"minecraft:iron_helmet":1,"epicfight:stone_greatsword":1,"minecraft:stone_axe":1,"minecraft:air":0,"mvw:stone_rapier":1,"minecraft:iron_chestplate":1,"mvw:stone_double_axe":1,"minecraft:stick":24,"minecraft:iron_ingot":33,"minecraft:iron_pickaxe":1,"aquaculture:stone_fillet_knife":1,"minecraft:wooden_axe":1,"minecraft:gold_ingot":5,"minecraft:iron_leggings":1,"minecraft:white_bed":1},"minecraft:used":{"travelersbackpack:diamond":1,"minecraft:dirt":1,"minecraft:wooden_axe":3,"minecraft:flowering_azalea":1,"epicfight:iron_greatsword":45,"minecraft:iron_axe":20,"iceandfire:ghost_chest":2,"epicfight:stone_greatsword":47,"minecraft:stone_bricks":1,"mvw:stone_rapier":1,"minecraft:sweet_berries":8,"minecraft:furnace":5,"mvw:stone_double_axe":8,"tombstone:gift":2,"minecraft:cooked_beef":35,"mvw:stone_knife":1,"epicfight:skillbook":1,"minecraft:polished_andesite":2,"minecraft:wooden_pickaxe":20,"minecraft:crafting_table":7,"minecraft:white_bed":1,"iceandfire:silver_pickaxe":204,"minecraft:iron_pickaxe":154,"minecraft:stone_axe":2,"minecraft:chiseled_stone_bricks":2,"minecraft:cobblestone":127},"minecraft:killed_by":{"minecraft:player":3,"iceandfire:ice_dragon":1},"minecraft:picked_up":{"minecraft:wooden_axe":2,"minecraft:crafting_table":6,"minecraft:clay_ball":28,"dynamictrees:spruce_seed":4,"minecraft:wooden_pickaxe":2,"minecraft:enchanted_book":1,"iceandfire:frozen_cobblestone":10,"minecraft:string":4,"iceandfire:frozen_stone":13,"minecraft:pufferfish":1,"minecraft:cobbled_deepslate":81,"minecraft:spruce_planks":12,"minecraft:beef":8,"minecraft:azalea":1,"minecraft:poppy":2,"minecraft:light_gray_wool":1,"minecraft:chest":1,"minecraft:furnace":5,"iceandfire:ghost_chest":3,"minecraft:stick":6,"minecraft:raw_iron":41,"iceandfire:dragonbone":7,"minecraft:big_dripleaf":1,"epicfight:skillbook":1,"tombstone:grave_dust":6,"minecraft:rotten_flesh":2,"minecraft:stripped_dark_oak_wood":3,"minecraft:mutton":1,"minecraft:white_wool":3,"minecraft:cobblestone":188,"iceandfire:sapphire_gem":3,"minecraft:cooked_beef":32,"mvw:stone_katana":1,"minecraft:glow_ink_sac":1,"minecraft:leather":7,"dungeonsweaponry:power_bow":1,"minecraft:tuff":4,"minecraft:oak_log":7,"minecraft:dirt":23,"minecraft:lapis_lazuli":25,"minecraft:smooth_sandstone":1,"minecraft:bone":3,"minecraft:stone_bricks":3,"minecraft:bow":1,"minecraft:wheat_seeds":7,"minecraft:raw_gold":5,"minecraft:iron_ingot":27,"minecraft:stone_pickaxe":1,"aquaculture:box_turtle":2,"minecraft:moss_block":2,"minecraft:oak_planks":11,"minecraft:flowering_azalea":1,"mvw:stone_saber":1,"epicfight:stone_greatsword":1,"minecraft:sweet_berries":11,"minecraft:chiseled_stone_bricks":2,"minecraft:sand":13,"minecraft:spruce_log":7,"minecraft:spider_eye":1,"minecraft:bundle":2,"iceandfire:silver_pickaxe":1,"minecraft:polished_andesite":2,"minecraft:slime_ball":6,"minecraft:diamond":6,"minecraft:stone_axe":1,"dungeonsweaponry:glaive":1,"minecraft:emerald":11,"minecraft:melon_seeds":1,"iceandfire:silver_nugget":28,"minecraft:coal":133,"iceandfire:raw_silver":4},"minecraft:mined":{"minecraft:tuff":2,"iceandfire:silver_ore":1,"minecraft:deepslate_diamond_ore":7,"iceandfire:frozen_cobblestone":7,"iceandfire:frozen_stone":4,"minecraft:grass_block":2,"iceandfire:deepslate_silver_ore":1,"minecraft:moss_block":4,"minecraft:chiseled_stone_bricks":2,"minecraft:furnace":4,"minecraft:iron_ore":40,"minecraft:stripped_dark_oak_wood":3,"minecraft:deepslate_iron_ore":1,"minecraft:stone":158,"minecraft:flowering_azalea":2,"biomesoplenty:glowworm_silk":1,"iceandfire:dragon_ice_spikes":4,"minecraft:crafting_table":7,"minecraft:smooth_sandstone":1,"minecraft:clay":7,"iceandfire:ghost_chest":3,"iceandfire:sapphire_ore":1,"minecraft:cobblestone":16,"minecraft:lapis_ore":5,"biomesoplenty:sprout":1,"minecraft:deepslate_gold_ore":5,"minecraft:sweet_berry_bush":2,"minecraft:spruce_log":7,"minecraft:coal_ore":27,"minecraft:oak_log":7,"minecraft:grass":6,"minecraft:sand":13,"minecraft:dirt":14,"biomesoplenty:dead_planks":1,"minecraft:polished_andesite":1,"minecraft:stone_bricks":2,"minecraft:deepslate":57,"minecraft:fern":1}},"DataVersion":3465}