{"stats":{"minecraft:dropped":{"minecraft:cooked_beef":3,"minecraft:cobblestone":1,"dungeonsweaponry:glaive":1,"iceandfire:sapphire_gem":1,"tombstone:grave_key":1,"minecraft:wooden_axe":1,"tombstone:grave_dust":3,"aquaculture:box_turtle":1,"minecraft:bow":1,"minecraft:wooden_pickaxe":1},"minecraft:killed":{"aquaculture:box_turtle":1,"dungeonsweaponry:vanguard":3,"minecraft:slime":4,"minecraft:skeleton":2,"minecraft:zombie":5},"minecraft:custom":{"minecraft:interact_with_furnace":12,"minecraft:mob_kills":16,"minecraft:interact_with_crafting_table":15,"minecraft:leave_game":3,"minecraft:time_since_death":14535,"minecraft:climb_one_cm":231,"minecraft:time_since_rest":14131,"minecraft:sprint_one_cm":146458,"minecraft:damage_taken":3243,"minecraft:walk_one_cm":303529,"minecraft:drop":12,"minecraft:damage_dealt":3834,"minecraft:swim_one_cm":13191,"minecraft:fly_one_cm":292420,"minecraft:player_kills":1,"minecraft:open_chest":6,"minecraft:crouch_one_cm":5241,"minecraft:play_time":64830,"tombstone:undead_killed":7,"minecraft:deaths":3,"minecraft:sneak_time":1368,"minecraft:walk_under_water_one_cm":5917,"tombstone:tomb_raiding":1,"minecraft:jump":826,"minecraft:walk_on_water_one_cm":4872,"minecraft:total_world_time":64830,"minecraft:fall_one_cm":14618},"minecraft:crafted":{"minecraft:oak_planks":28,"minecraft:crafting_table":1,"minecraft:wooden_pickaxe":1,"mvw:stone_knife":1,"minecraft:furnace":1,"epicfight:stone_greatsword":1,"minecraft:stone_axe":1,"minecraft:air":0,"mvw:stone_rapier":1,"mvw:stone_double_axe":1,"minecraft:stick":12,"minecraft:wooden_axe":1,"minecraft:iron_ingot":13,"minecraft:stone_pickaxe":1,"aquaculture:stone_fillet_knife":1},"minecraft:killed_by":{"minecraft:player":2},"minecraft:used":{"mvw:stone_knife":1,"epicfight:skillbook":1,"minecraft:polished_andesite":2,"minecraft:wooden_pickaxe":20,"minecraft:dirt":1,"minecraft:crafting_table":2,"iceandfire:silver_pickaxe":112,"minecraft:wooden_axe":3,"minecraft:chiseled_stone_bricks":2,"epicfight:stone_greatsword":45,"mvw:stone_rapier":1,"minecraft:stone_axe":2,"minecraft:cobblestone":91,"minecraft:furnace":1,"mvw:stone_double_axe":8,"tombstone:gift":1,"minecraft:cooked_beef":16},"minecraft:picked_up":{"minecraft:wooden_axe":2,"iceandfire:sapphire_gem":3,"minecraft:crafting_table":3,"minecraft:cooked_beef":26,"minecraft:wooden_pickaxe":2,"minecraft:enchanted_book":1,"minecraft:oak_log":7,"minecraft:string":2,"minecraft:dirt":10,"minecraft:pufferfish":1,"minecraft:bone":1,"minecraft:stone_bricks":3,"minecraft:bow":1,"minecraft:spruce_planks":12,"minecraft:iron_ingot":13,"minecraft:stone_pickaxe":1,"aquaculture:box_turtle":2,"minecraft:oak_planks":11,"minecraft:furnace":2,"minecraft:stick":1,"minecraft:raw_iron":12,"iceandfire:dragonbone":7,"epicfight:stone_greatsword":1,"minecraft:chiseled_stone_bricks":2,"epicfight:skillbook":1,"tombstone:grave_dust":6,"minecraft:polished_andesite":2,"iceandfire:silver_pickaxe":1,"minecraft:slime_ball":6,"minecraft:stone_axe":1,"minecraft:emerald":11,"dungeonsweaponry:glaive":1,"minecraft:mutton":1,"minecraft:white_wool":3,"minecraft:coal":43,"iceandfire:raw_silver":2,"minecraft:cobblestone":111},"minecraft:mined":{"iceandfire:silver_ore":1,"minecraft:crafting_table":3,"minecraft:grass_block":2,"iceandfire:deepslate_silver_ore":1,"iceandfire:sapphire_ore":1,"minecraft:cobblestone":10,"minecraft:chiseled_stone_bricks":2,"minecraft:furnace":1,"minecraft:iron_ore":11,"minecraft:grass":2,"minecraft:oak_log":7,"minecraft:coal_ore":13,"minecraft:deepslate_iron_ore":1,"minecraft:dirt":4,"minecraft:stone_bricks":2,"minecraft:polished_andesite":1,"minecraft:stone":82,"minecraft:fern":1}},"DataVersion":3465}