{"stats":{"minecraft:dropped":{"minecraft:wheat_seeds":6,"minecraft:cooked_beef":9,"minecraft:glow_ink_sac":1,"minecraft:cobblestone":35,"dynamictrees:spruce_seed":4,"tombstone:grave_key":1,"minecraft:wooden_axe":1,"tombstone:grave_dust":3,"aquaculture:box_turtle":1,"iceandfire:frozen_cobblestone":2,"minecraft:bone":28,"minecraft:sweet_berries":3,"minecraft:light_gray_wool":1,"iceandfire:frozen_stone":1,"dungeonsweaponry:glaive":3,"minecraft:diamond_sword":1,"minecraft:big_dripleaf":1,"iceandfire:sapphire_gem":1,"minecraft:melon_seeds":1,"minecraft:stone_bricks":3,"minecraft:chest":1,"minecraft:bow":1,"minecraft:wooden_pickaxe":1,"dungeonsweaponry:power_bow":1},"minecraft:killed":{"dungeonsweaponry:vanguard":7,"minecraft:spider":3,"minecraft:slime":4,"minecraft:skeleton":5,"aquaculture:box_turtle":1,"minecraft:iron_golem":2,"minecraft:creeper":2,"minecraft:zombie":10,"iceandfire:ghost":25,"minecraft:glow_squid":1,"minecraft:enderman":1,"minecraft:cow":4},"minecraft:custom":{"minecraft:mob_kills":66,"minecraft:interact_with_crafting_table":38,"minecraft:open_barrel":2,"minecraft:eat_cake_slice":5,"minecraft:leave_game":3,"minecraft:time_since_death":30228,"minecraft:climb_one_cm":1664,"minecraft:sprint_one_cm":434633,"minecraft:walk_one_cm":648570,"minecraft:drop":46,"minecraft:play_time":154830,"minecraft:deaths":5,"minecraft:sneak_time":2826,"minecraft:walk_under_water_one_cm":15513,"tombstone:tomb_raiding":1,"minecraft:jump":2333,"minecraft:walk_on_water_one_cm":20409,"minecraft:total_world_time":154830,"minecraft:interact_with_furnace":37,"minecraft:time_since_rest":29701,"minecraft:damage_taken":6712,"minecraft:trigger_trapped_chest":26,"minecraft:damage_dealt":19833,"minecraft:player_kills":1,"minecraft:swim_one_cm":14735,"minecraft:fly_one_cm":879527,"minecraft:open_chest":19,"minecraft:crouch_one_cm":8220,"tombstone:undead_killed":40,"minecraft:fall_one_cm":53693},"minecraft:crafted":{"minecraft:oak_planks":28,"minecraft:furnace":1,"travelersbackpack:diamond":1,"minecraft:glass":13,"travelersbackpack:white_sleeping_bag":1,"minecraft:iron_boots":1,"minecraft:iron_axe":1,"minecraft:stone_pickaxe":1,"epicfight:iron_greatsword":1,"minecraft:chest":1,"minecraft:dark_oak_planks":12,"iceandfire:silver_ingot":4,"minecraft:crafting_table":3,"minecraft:spruce_planks":28,"mvw:stone_knife":1,"travelersbackpack:backpack_tank":2,"minecraft:wooden_pickaxe":1,"travelersbackpack:standard":1,"minecraft:iron_helmet":1,"epicfight:stone_greatsword":1,"minecraft:stone_axe":1,"minecraft:air":0,"mvw:stone_rapier":1,"minecraft:iron_chestplate":1,"mvw:stone_double_axe":1,"minecraft:stick":24,"minecraft:iron_ingot":33,"minecraft:iron_pickaxe":1,"aquaculture:stone_fillet_knife":1,"minecraft:wooden_axe":1,"minecraft:gold_ingot":6,"minecraft:iron_leggings":1,"minecraft:white_bed":1},"minecraft:used":{"travelersbackpack:diamond":1,"minecraft:dirt":1,"minecraft:wooden_axe":3,"minecraft:flowering_azalea":1,"epicfight:iron_greatsword":105,"minecraft:iron_axe":25,"iceandfire:ghost_chest":6,"epicfight:stone_greatsword":47,"minecraft:stone_bricks":1,"mvw:stone_rapier":1,"minecraft:sweet_berries":8,"minecraft:furnace":5,"mvw:stone_double_axe":8,"tombstone:gift":2,"minecraft:cooked_beef":42,"mvw:stone_knife":1,"epicfight:skillbook":2,"minecraft:polished_andesite":2,"minecraft:wooden_pickaxe":20,"dungeonsweaponry:frost_scythe":31,"minecraft:crafting_table":8,"minecraft:white_bed":1,"iceandfire:silver_pickaxe":204,"minecraft:iron_pickaxe":198,"minecraft:stone_axe":2,"minecraft:chiseled_stone_bricks":2,"minecraft:cobblestone":127},"minecraft:killed_by":{"minecraft:player":3,"iceandfire:ice_dragon":1},"minecraft:picked_up":{"minecraft:wooden_axe":2,"minecraft:mud":1,"minecraft:crafting_table":7,"minecraft:clay_ball":48,"dynamictrees:spruce_seed":4,"minecraft:diamond_sword":1,"minecraft:wooden_pickaxe":2,"minecraft:enchanted_book":1,"iceandfire:frozen_cobblestone":10,"dungeonsweaponry:cutlass":1,"minecraft:string":4,"iceandfire:frozen_stone":13,"minecraft:pufferfish":1,"minecraft:cobbled_deepslate":103,"minecraft:spruce_planks":12,"minecraft:beef":8,"minecraft:azalea":1,"minecraft:poppy":2,"minecraft:light_gray_wool":1,"minecraft:chest":1,"minecraft:furnace":5,"iceandfire:ghost_chest":7,"minecraft:stick":6,"minecraft:raw_iron":41,"iceandfire:dragonbone":7,"minecraft:big_dripleaf":1,"epicfight:skillbook":2,"dungeonsweaponry:frost_scythe":1,"minecraft:cookie":6,"tombstone:grave_dust":10,"minecraft:rotten_flesh":3,"minecraft:stripped_dark_oak_wood":3,"minecraft:mutton":1,"minecraft:white_wool":3,"minecraft:cobblestone":188,"iceandfire:sapphire_gem":3,"minecraft:cooked_beef":32,"mvw:stone_katana":1,"minecraft:glow_ink_sac":1,"minecraft:leather":7,"dungeonsweaponry:power_bow":1,"minecraft:tuff":21,"minecraft:oak_log":7,"minecraft:dirt":23,"minecraft:lapis_lazuli":25,"minecraft:smooth_sandstone":1,"minecraft:bone":31,"minecraft:stone_bricks":6,"minecraft:bow":1,"minecraft:wheat_seeds":7,"minecraft:raw_gold":5,"minecraft:iron_ingot":27,"minecraft:stone_pickaxe":1,"aquaculture:box_turtle":2,"minecraft:moss_block":2,"minecraft:oak_planks":11,"minecraft:flowering_azalea":1,"mvw:stone_saber":1,"epicfight:stone_greatsword":1,"minecraft:sweet_berries":11,"minecraft:chiseled_stone_bricks":2,"minecraft:sand":13,"minecraft:spruce_log":7,"minecraft:spider_eye":1,"minecraft:bundle":2,"iceandfire:silver_pickaxe":1,"minecraft:polished_andesite":2,"minecraft:slime_ball":6,"minecraft:diamond":14,"minecraft:stone_axe":1,"dungeonsweaponry:glaive":3,"minecraft:emerald":29,"tombstone:magic_scroll":1,"minecraft:melon_seeds":1,"iceandfire:silver_nugget":28,"minecraft:coal":133,"iceandfire:raw_silver":4,"minecraft:ender_pearl":1},"minecraft:mined":{"minecraft:tuff":17,"iceandfire:silver_ore":1,"minecraft:deepslate_diamond_ore":15,"iceandfire:frozen_cobblestone":7,"iceandfire:frozen_stone":4,"minecraft:grass_block":2,"iceandfire:deepslate_silver_ore":1,"minecraft:moss_block":4,"minecraft:chiseled_stone_bricks":2,"minecraft:spawner":1,"minecraft:furnace":4,"minecraft:iron_ore":40,"minecraft:stripped_dark_oak_wood":3,"minecraft:deepslate_iron_ore":1,"minecraft:stone":158,"minecraft:flowering_azalea":2,"biomesoplenty:glowworm_silk":1,"iceandfire:dragon_ice_spikes":4,"minecraft:crafting_table":8,"minecraft:smooth_sandstone":1,"minecraft:clay":11,"iceandfire:ghost_chest":7,"iceandfire:sapphire_ore":1,"minecraft:cobblestone":16,"minecraft:lapis_ore":5,"biomesoplenty:sprout":1,"minecraft:deepslate_gold_ore":5,"minecraft:sweet_berry_bush":2,"minecraft:spruce_log":7,"minecraft:coal_ore":27,"minecraft:oak_log":7,"minecraft:grass":6,"minecraft:sand":13,"minecraft:dirt":14,"biomesoplenty:dead_planks":1,"minecraft:polished_andesite":1,"minecraft:stone_bricks":2,"minecraft:deepslate":73,"minecraft:fern":1}},"DataVersion":3465}