{"stats":{"minecraft:dropped":{"enderite:enderite_sword":1,"minecraft:rotten_flesh":2},"minecraft:killed":{"minecraft:skeleton":1,"minecraft:zombie":2,"minecraft:cow":1},"minecraft:custom":{"minecraft:time_since_rest":10998,"minecraft:sprint_one_cm":57045,"minecraft:damage_taken":4430,"minecraft:walk_one_cm":122768,"tombstone:sneak_grave":5,"minecraft:mob_kills":5,"minecraft:drop":3,"minecraft:damage_dealt":1985,"minecraft:interact_with_crafting_table":1,"minecraft:fly_one_cm":83555,"minecraft:player_kills":7,"minecraft:open_chest":6,"minecraft:crouch_one_cm":3540,"minecraft:play_time":18955,"tombstone:undead_killed":3,"minecraft:deaths":4,"minecraft:sneak_time":966,"minecraft:walk_under_water_one_cm":16014,"minecraft:jump":295,"minecraft:leave_game":4,"minecraft:walk_on_water_one_cm":1579,"minecraft:time_since_death":11470,"minecraft:climb_one_cm":7736,"minecraft:total_world_time":18955,"minecraft:fall_one_cm":5416},"minecraft:crafted":{"biomesoplenty:fir_planks":20,"minecraft:wooden_sword":1,"biomesoplenty:dead_planks":8,"minecraft:oak_planks":4,"minecraft:crafting_table":1,"minecraft:stick":4},"minecraft:used":{"enderite:enderite_sword":11,"minecraft:torch":1,"minecraft:wooden_sword":29,"minecraft:crafting_table":1,"tombstone:gift":1,"iceandfire:silver_axe":8,"minecraft:cooked_beef":3},"minecraft:killed_by":{"minecraft:player":3},"minecraft:picked_up":{"iceandfire:silver_axe":1,"minecraft:stick":18,"minecraft:cooked_beef":17,"minecraft:leather":2,"minecraft:torch":1,"biomesoplenty:dead_log":2,"biomesoplenty:fir_log":5,"minecraft:oak_log":1,"tombstone:grave_key":2,"enderite:enderite_sword":2,"minecraft:dirt":1,"minecraft:arrow":1,"minecraft:bone":2,"minecraft:rotten_flesh":2,"minecraft:beef":1,"dynamictrees:oak_seed":3},"minecraft:mined":{"biomesoplenty:fir_log":7,"minecraft:grass":3,"biomesoplenty:dead_log":2,"minecraft:dirt":1,"minecraft:packed_ice":2,"minecraft:wall_torch":1,"minecraft:fern":1}},"DataVersion":3465}