{"stats":{"minecraft:dropped":{"enderite:enderite_sword":1,"minecraft:crafting_table":2,"minecraft:rotten_flesh":2,"minecraft:cod":1,"minecraft:dried_kelp_block":3,"minecraft:oak_sapling":2,"tombstone:grave_dust":1,"minecraft:bucket":1},"minecraft:killed":{"minecraft:skeleton":2,"minecraft:zombie":3,"minecraft:cow":1},"minecraft:custom":{"minecraft:mob_kills":7,"minecraft:interact_with_crafting_table":7,"minecraft:open_barrel":17,"minecraft:eat_cake_slice":1,"minecraft:leave_game":4,"minecraft:time_since_death":34128,"minecraft:climb_one_cm":12236,"minecraft:time_since_rest":33656,"minecraft:sprint_one_cm":70315,"minecraft:damage_taken":4897,"minecraft:walk_one_cm":299613,"tombstone:sneak_grave":6,"minecraft:drop":9,"minecraft:damage_dealt":2584,"minecraft:swim_one_cm":14256,"minecraft:fly_one_cm":102443,"minecraft:player_kills":7,"minecraft:open_chest":37,"minecraft:crouch_one_cm":5715,"tombstone:undead_killed":5,"minecraft:play_time":41613,"minecraft:deaths":4,"minecraft:sneak_time":1348,"minecraft:walk_under_water_one_cm":39186,"minecraft:boat_one_cm":14318,"minecraft:jump":438,"minecraft:interact_with_brewingstand":1,"minecraft:walk_on_water_one_cm":10713,"minecraft:interact_with_smoker":1,"minecraft:total_world_time":41613,"minecraft:fall_one_cm":8469},"minecraft:crafted":{"minecraft:wooden_sword":1,"biomesoplenty:dead_planks":8,"minecraft:oak_planks":12,"minecraft:crafting_table":2,"minecraft:dried_kelp":90,"mvw:stone_katana":1,"biomesoplenty:fir_planks":20,"minecraft:oak_boat":1,"minecraft:stick":4,"minecraft:gold_ingot":24,"mvw:stone_hammer":1,"onlyhammers:stone_hammer":1},"minecraft:killed_by":{"minecraft:player":3},"minecraft:used":{"minecraft:dried_kelp":20,"minecraft:chest":1,"minecraft:leather_chestplate":1,"minecraft:iron_sword":17,"enderite:enderite_sword":11,"minecraft:torch":1,"minecraft:mossy_cobblestone":5,"minecraft:crafting_table":3,"iceandfire:silver_axe":77,"onlyhammers:stone_hammer":50,"minecraft:barrel":9,"minecraft:wooden_sword":29,"minecraft:cobblestone":18,"minecraft:andesite":16,"tombstone:gift":1,"minecraft:oak_boat":1,"minecraft:cooked_beef":5,"minecraft:light_gray_bed":1},"minecraft:picked_up":{"iceandfire:silver_axe":1,"minecraft:crafting_table":3,"minecraft:cooked_beef":17,"minecraft:andesite":61,"minecraft:leather":2,"biomesoplenty:dead_log":2,"biomesoplenty:fir_log":5,"minecraft:oak_log":3,"tombstone:grave_key":2,"minecraft:paper":12,"minecraft:dirt":1,"minecraft:red_bed":1,"minecraft:bone":10,"minecraft:gold_nugget":222,"minecraft:bucket":1,"minecraft:beef":1,"dynamictrees:oak_seed":3,"minecraft:chest":1,"minecraft:stick":18,"minecraft:raw_iron":4,"minecraft:dark_oak_slab":1,"minecraft:torch":1,"tombstone:grave_dust":1,"enderite:enderite_sword":2,"minecraft:barrel":9,"minecraft:mossy_cobblestone":5,"minecraft:dried_kelp_block":13,"minecraft:light_gray_bed":2,"minecraft:arrow":1,"minecraft:rotten_flesh":2,"minecraft:oak_sapling":2,"minecraft:cod":1,"minecraft:cobblestone":29},"minecraft:mined":{"minecraft:red_bed":1,"minecraft:mossy_cobblestone":3,"minecraft:spruce_trapdoor":4,"minecraft:crafting_table":3,"minecraft:chest":4,"minecraft:campfire":2,"minecraft:light_gray_bed":6,"minecraft:dried_kelp_block":10,"minecraft:wall_torch":1,"minecraft:dark_oak_slab":1,"minecraft:iron_ore":4,"minecraft:barrel":8,"minecraft:ice":9,"minecraft:andesite":6,"biomesoplenty:fir_log":7,"iceandfire:gold_pile":29,"minecraft:grass":3,"biomesoplenty:dead_log":2,"minecraft:oak_log":2,"minecraft:dirt":1,"minecraft:packed_ice":2,"minecraft:stone":23,"minecraft:fern":1}},"DataVersion":3465}