{"stats":{"minecraft:mined":{"iceandfire:silver_ore":1,"minecraft:mossy_cobblestone":9,"minecraft:cobbled_deepslate_stairs":2,"minecraft:cobblestone_stairs":2,"minecraft:spruce_trapdoor":4,"minecraft:light_gray_bed":6,"minecraft:iron_ore":4,"minecraft:barrel":8,"minecraft:andesite":6,"iceandfire:gold_pile":29,"minecraft:packed_ice":10,"minecraft:stone":533,"minecraft:red_bed":1,"minecraft:clay":9,"minecraft:crafting_table":3,"minecraft:chest":4,"minecraft:campfire":2,"minecraft:copper_ore":1,"minecraft:cobblestone":6,"minecraft:dried_kelp_block":10,"minecraft:wall_torch":1,"minecraft:dark_oak_slab":1,"minecraft:ice":9,"biomesoplenty:fir_log":7,"minecraft:grass":3,"minecraft:coal_ore":4,"biomesoplenty:dead_log":2,"minecraft:oak_log":8,"minecraft:dirt":3,"minecraft:fern":1},"minecraft:used":{"minecraft:flint_and_steel":6,"minecraft:dried_kelp":57,"minecraft:chest":1,"minecraft:iron_sword":22,"minecraft:torch":1,"epicfight:stone_greatsword":16,"minecraft:barrel":9,"tombstone:gift":1,"minecraft:cooked_beef":11,"minecraft:light_gray_bed":1,"minecraft:leather_chestplate":1,"enderite:enderite_sword":11,"minecraft:mossy_cobblestone":5,"minecraft:rail":2,"minecraft:tnt":11,"minecraft:crafting_table":3,"iceandfire:silver_axe":92,"onlyhammers:stone_hammer":650,"iceandfire:armor_bronze_chestplate":1,"minecraft:tnt_minecart":61,"minecraft:wooden_sword":29,"minecraft:cobblestone":25,"minecraft:andesite":16,"minecraft:oak_boat":1,"minecraft:golden_pickaxe":10},"minecraft:broken":{"onlyhammers:stone_hammer":1},"minecraft:dropped":{"minecraft:iron_sword":1,"minecraft:cobbled_deepslate_stairs":2,"minecraft:mossy_cobblestone":5,"minecraft:ender_pearl":1,"minecraft:diamond":1,"minecraft:crafting_table":2,"minecraft:dark_oak_slab":1,"minecraft:cobblestone":4,"minecraft:mushroom_stew":1,"minecraft:cod":1,"minecraft:music_disc_13":1,"minecraft:dried_kelp_block":3,"iceandfire:dragonegg_green":1,"tombstone:grave_dust":1,"tombstone:scroll_of_lightning_resistance":2,"minecraft:sand":1,"minecraft:tripwire_hook":2,"minecraft:bucket":2,"minecraft:music_disc_cat":1,"minecraft:bone":10,"minecraft:redstone":5,"minecraft:gravel":16,"enderite:enderite_sword":1,"dynamictrees:oak_seed":3,"mvw:stone_hammer":1,"minecraft:rotten_flesh":2,"minecraft:oak_planks":27,"biomesoplenty:fir_planks":20,"minecraft:andesite":45,"minecraft:oak_sapling":2,"artifacts:eternal_steak":1,"minecraft:glass":8,"minecraft:calcite":96,"iceandfire:silver_pickaxe":1},"minecraft:killed":{"minecraft:cod":2,"minecraft:skeleton":2,"minecraft:squid":1,"minecraft:pillager":8,"minecraft:zombie":3,"minecraft:enderman":1,"minecraft:cow":1},"minecraft:killed_by":{"minecraft:player":3},"minecraft:crafted":{"minecraft:wooden_sword":1,"minecraft:oak_planks":36,"mvw:stone_katana":1,"biomesoplenty:dead_planks":8,"minecraft:crafting_table":2,"minecraft:dried_kelp":90,"biomesoplenty:fir_planks":20,"minecraft:oak_boat":1,"minecraft:stick":4,"minecraft:gold_ingot":24,"mvw:stone_hammer":1,"onlyhammers:stone_hammer":1},"minecraft:custom":{"minecraft:mob_kills":19,"minecraft:interact_with_crafting_table":8,"minecraft:open_barrel":18,"minecraft:eat_cake_slice":1,"minecraft:leave_game":5,"minecraft:time_since_death":69466,"minecraft:climb_one_cm":20824,"minecraft:sprint_one_cm":132803,"minecraft:walk_one_cm":485722,"minecraft:drop":153,"minecraft:play_time":76951,"minecraft:deaths":4,"minecraft:sneak_time":2699,"minecraft:walk_under_water_one_cm":51467,"minecraft:boat_one_cm":14318,"minecraft:jump":862,"minecraft:interact_with_brewingstand":1,"minecraft:walk_on_water_one_cm":17812,"minecraft:total_world_time":76951,"tombstone:raider_killed":8,"minecraft:time_since_rest":68994,"minecraft:damage_taken":5672,"tombstone:sneak_grave":6,"minecraft:damage_dealt":5112,"minecraft:swim_one_cm":25063,"minecraft:fly_one_cm":219024,"minecraft:player_kills":7,"minecraft:open_chest":53,"minecraft:crouch_one_cm":10665,"tombstone:undead_killed":5,"minecraft:interact_with_smoker":1,"minecraft:fall_one_cm":21238},"minecraft:picked_up":{"minecraft:crafting_table":3,"minecraft:coarse_dirt":16,"minecraft:clay_ball":196,"minecraft:enchanted_book":2,"tombstone:grave_key":2,"minecraft:red_bed":1,"minecraft:raw_copper":11,"minecraft:experience_bottle":2,"minecraft:glass_pane":8,"minecraft:gold_nugget":222,"minecraft:bucket":2,"minecraft:beef":1,"minecraft:calcite":96,"dynamictrees:oak_seed":3,"iceandfire:armor_bronze_boots":1,"minecraft:chest":1,"minecraft:egg":1,"tombstone:scroll_of_lightning_resistance":2,"minecraft:stick":18,"minecraft:raw_iron":6,"minecraft:torch":1,"epicfight:skillbook":2,"iceandfire:armor_bronze_chestplate":1,"tombstone:grave_dust":2,"enderite:enderite_sword":2,"minecraft:redstone":5,"minecraft:dark_oak_planks":32,"minecraft:light_gray_bed":2,"minecraft:arrow":1,"minecraft:rotten_flesh":2,"minecraft:cod":2,"minecraft:cobblestone":609,"iceandfire:silver_axe":1,"iceandfire:dragonegg_green":1,"minecraft:cooked_beef":17,"minecraft:tripwire_hook":2,"minecraft:water_bucket":1,"minecraft:andesite":61,"minecraft:leather":2,"biomesoplenty:dead_log":2,"biomesoplenty:fir_log":5,"minecraft:flint":1,"minecraft:oak_log":9,"iceandfire:armor_bronze_leggings":1,"minecraft:cobbled_deepslate_stairs":4,"minecraft:cobblestone_stairs":1,"minecraft:dirt":3,"minecraft:paper":12,"minecraft:glass":8,"minecraft:bone":10,"minecraft:iron_ingot":17,"securitycraft:universal_block_reinforcer_lvl1":2,"minecraft:dark_oak_slab":1,"iceandfire:armor_bronze_helmet":1,"minecraft:gravel":17,"minecraft:sand":1,"minecraft:ink_sac":3,"minecraft:barrel":9,"minecraft:mossy_cobblestone":13,"iceandfire:silver_pickaxe":1,"minecraft:dried_kelp_block":13,"minecraft:diamond":1,"minecraft:golden_apple":1,"minecraft:oak_sapling":2,"minecraft:coal":2,"iceandfire:raw_silver":1,"minecraft:ender_pearl":2}},"DataVersion":3465}