{"stats":{"minecraft:dropped":{"minecraft:iron_sword":1,"iceandfire:raw_silver":2,"minecraft:shelter_pottery_sherd":3,"minecraft:wheat_seeds":2,"minecraft:cooked_beef":1,"minecraft:cobbled_deepslate_stairs":2,"minecraft:mossy_cobblestone":5,"minecraft:ender_pearl":1,"minecraft:diamond":1,"minecraft:crafting_table":2,"minecraft:golden_axe":1,"minecraft:dark_oak_slab":1,"minecraft:crossbow":2,"minecraft:cobblestone":17,"iceandfire:ectoplasm":5,"minecraft:cracked_stone_bricks":1,"minecraft:sheaf_pottery_sherd":3,"minecraft:coal":4,"minecraft:mushroom_stew":1,"minecraft:stick":1,"minecraft:cod":1,"minecraft:flint":2,"minecraft:music_disc_13":1,"minecraft:dirt":5,"minecraft:dried_kelp_block":3,"iceandfire:copper_nugget":25,"iceandfire:dragonegg_green":1,"tombstone:grave_dust":1,"epicfight:stone_greatsword":1,"tombstone:scroll_of_lightning_resistance":2,"minecraft:sand":6,"iceandfire:dragonscales_white":2,"minecraft:angler_pottery_sherd":3,"minecraft:tripwire_hook":2,"dynamictrees:acacia_seed":3,"minecraft:bucket":2,"minecraft:music_disc_cat":1,"minecraft:redstone_block":5,"iceandfire:dragonbone":7,"minecraft:bone":14,"minecraft:redstone":6,"biomesoplenty:toadstool":1,"minecraft:gravel":19,"iceandfire:silver_nugget":27,"enderite:enderite_sword":1,"dynamictrees:oak_seed":3,"minecraft:coarse_dirt":26,"minecraft:cobbled_deepslate":1,"minecraft:raw_copper":22,"minecraft:sticky_piston":3,"minecraft:raw_iron":4,"mvw:stone_hammer":1,"minecraft:rotten_flesh":12,"minecraft:clay_ball":448,"minecraft:oak_planks":27,"iceandfire:frozen_stone":1,"iceandfire:crackled_gravel":2,"iceandfire:frozen_grass":5,"minecraft:poppy":2,"biomesoplenty:fir_planks":20,"minecraft:gunpowder":4,"iceandfire:copper_sword":2,"minecraft:spruce_planks":4,"minecraft:charcoal":2,"minecraft:mossy_stone_bricks":6,"minecraft:andesite":45,"minecraft:oak_sapling":4,"artifacts:eternal_steak":1,"minecraft:stone_bricks":20,"minecraft:snort_pottery_sherd":2,"minecraft:spruce_log":2,"minecraft:arrow":2,"minecraft:glass":8,"minecraft:calcite":96,"minecraft:stone_brick_stairs":3,"iceandfire:manuscript":3,"iceandfire:silver_pickaxe":1},"minecraft:broken":{"onlyhammers:stone_hammer":1,"iceandfire:armor_amythest_boots":1,"iceandfire:armor_bronze_boots":1,"iceandfire:armor_bronze_leggings":1,"iceandfire:armor_amythest_helmet":1,"iceandfire:armor_bronze_chestplate":1,"iceandfire:armor_bronze_helmet":1,"minecraft:golden_pickaxe":1,"iceandfire:armor_amythest_chestplate":1,"iceandfire:armor_amythest_leggings":1},"minecraft:killed":{"guardvillagers:guard":3,"iceandfire:gorgon":2,"minecraft:cod":2,"minecraft:skeleton":3,"minecraft:creeper":1,"minecraft:squid":1,"minecraft:pillager":8,"minecraft:zombie":9,"iceandfire:ghost":3,"iceandfire:ice_dragon":1,"iceandfire:pixie":1,"iceandfire:stone_statue":5,"minecraft:cow":1,"minecraft:enderman":1},"minecraft:custom":{"minecraft:interact_with_smithing_table":1,"minecraft:mob_kills":46,"minecraft:interact_with_crafting_table":12,"minecraft:open_barrel":23,"minecraft:eat_cake_slice":1,"minecraft:leave_game":5,"minecraft:time_since_death":4765,"minecraft:climb_one_cm":24826,"minecraft:sprint_one_cm":241495,"minecraft:walk_one_cm":801141,"minecraft:drop":294,"minecraft:play_time":134539,"minecraft:deaths":14,"minecraft:sneak_time":4766,"minecraft:walk_under_water_one_cm":75814,"minecraft:boat_one_cm":68993,"minecraft:jump":1600,"minecraft:interact_with_brewingstand":1,"minecraft:walk_on_water_one_cm":37703,"minecraft:total_world_time":134539,"minecraft:interact_with_furnace":1,"tombstone:raider_killed":8,"minecraft:time_since_rest":4644,"minecraft:damage_taken":2147483647,"tombstone:sneak_grave":7,"minecraft:trigger_trapped_chest":3,"minecraft:damage_dealt":10870,"minecraft:swim_one_cm":30564,"minecraft:fly_one_cm":417419,"minecraft:player_kills":7,"minecraft:open_chest":123,"minecraft:crouch_one_cm":20564,"tombstone:undead_killed":17,"minecraft:interact_with_smoker":1,"minecraft:fall_one_cm":40293},"minecraft:crafted":{"minecraft:wooden_sword":1,"minecraft:oak_planks":36,"iceandfire:armor_amythest_chestplate":1,"iceandfire:armor_amythest_leggings":1,"iceandfire:armor_amythest_helmet":1,"mvw:stone_katana":1,"biomesoplenty:dead_planks":8,"iceandfire:silver_ingot":35,"minecraft:crafting_table":5,"minecraft:spruce_planks":8,"minecraft:dried_kelp":90,"iceandfire:armor_amythest_boots":1,"minecraft:acacia_boat":1,"biomesoplenty:fir_planks":20,"minecraft:oak_boat":1,"minecraft:stick":8,"mvw:stone_hammer":1,"minecraft:gold_ingot":24,"minecraft:acacia_planks":20,"onlyhammers:stone_hammer":1},"minecraft:killed_by":{"minecraft:player":4,"iceandfire:gorgon":4,"iceandfire:lightning_dragon":3,"iceandfire:ghost":1},"minecraft:used":{"minecraft:flint_and_steel":9,"minecraft:dried_kelp":57,"iceandfire:dragon_skull_ice":1,"minecraft:chest":1,"minecraft:iron_sword":22,"minecraft:torch":1,"minecraft:dirt":8,"dungeonsweaponry:claymore":137,"iceandfire:frozen_grass":1,"iceandfire:dread_torch":1,"iceandfire:crackled_gravel":1,"minecraft:barrel":9,"epicfight:stone_greatsword":19,"tombstone:gift":4,"minecraft:cooked_beef":33,"minecraft:light_gray_bed":1,"minecraft:acacia_boat":1,"minecraft:leather_chestplate":1,"iceandfire:dragon_skull_lightning":2,"enderite:enderite_sword":11,"minecraft:mossy_cobblestone":5,"minecraft:sand":3,"minecraft:rail":2,"minecraft:tnt":16,"minecraft:crafting_table":6,"iceandfire:silver_axe":100,"onlyhammers:stone_hammer":650,"iceandfire:armor_bronze_chestplate":1,"minecraft:iron_pickaxe":85,"minecraft:tnt_minecart":61,"minecraft:wooden_sword":29,"minecraft:cobblestone":33,"minecraft:andesite":16,"minecraft:oak_boat":1,"minecraft:coarse_dirt":4,"minecraft:golden_pickaxe":30},"minecraft:picked_up":{"iceandfire:dragon_skull_lightning":2,"minecraft:shelter_pottery_sherd":3,"minecraft:charcoal":2,"minecraft:crafting_table":3,"minecraft:coarse_dirt":30,"minecraft:redstone_block":5,"minecraft:clay_ball":388,"minecraft:enchanted_book":2,"minecraft:stone_brick_stairs":3,"tombstone:grave_key":2,"minecraft:shield":1,"iceandfire:frozen_grass":6,"minecraft:red_bed":1,"iceandfire:frozen_stone":1,"minecraft:raw_copper":22,"minecraft:sticky_piston":5,"minecraft:experience_bottle":2,"minecraft:glass_pane":8,"minecraft:cracked_stone_bricks":1,"minecraft:gold_nugget":222,"minecraft:cobbled_deepslate":1,"minecraft:bucket":2,"minecraft:beef":1,"minecraft:calcite":96,"minecraft:poppy":2,"dynamictrees:oak_seed":3,"iceandfire:armor_bronze_boots":1,"minecraft:chest":1,"iceandfire:ice_dragon_heart":1,"minecraft:egg":1,"tombstone:scroll_of_lightning_resistance":2,"minecraft:sheaf_pottery_sherd":3,"minecraft:stick":25,"minecraft:raw_iron":8,"iceandfire:dragonbone":7,"minecraft:torch":1,"minecraft:acacia_log":5,"iceandfire:dragonscales_white":18,"iceandfire:dread_torch":1,"epicfight:skillbook":2,"iceandfire:crackled_gravel":3,"iceandfire:armor_bronze_chestplate":1,"tombstone:grave_dust":3,"enderite:enderite_sword":2,"minecraft:redstone":8,"minecraft:dark_oak_planks":32,"iceandfire:dragon_skull_ice":2,"minecraft:light_gray_bed":2,"minecraft:arrow":3,"minecraft:rotten_flesh":12,"minecraft:skeleton_skull":1,"minecraft:cod":2,"minecraft:cobblestone":642,"minecraft:birch_log":1,"iceandfire:silver_axe":1,"iceandfire:dragonegg_green":1,"minecraft:cooked_beef":17,"minecraft:tripwire_hook":2,"minecraft:water_bucket":1,"minecraft:andesite":61,"minecraft:leather":2,"biomesoplenty:dead_log":2,"biomesoplenty:fir_log":5,"minecraft:flint":2,"minecraft:oak_log":9,"iceandfire:armor_bronze_leggings":1,"iceandfire:ectoplasm":2,"minecraft:cobbled_deepslate_stairs":4,"minecraft:gunpowder":4,"minecraft:cobblestone_stairs":1,"minecraft:dirt":16,"minecraft:paper":12,"minecraft:glass":8,"minecraft:bone":14,"minecraft:stone_bricks":37,"minecraft:wheat_seeds":2,"minecraft:iron_ingot":17,"securitycraft:universal_block_reinforcer_lvl1":2,"minecraft:mossy_stone_bricks":22,"iceandfire:dragonscales_amythest":32,"biomesoplenty:toadstool":1,"minecraft:oak_slab":8,"iceandfire:copper_nugget":107,"minecraft:dark_oak_slab":1,"iceandfire:armor_bronze_helmet":1,"minecraft:gravel":19,"minecraft:sand":9,"dynamictrees:acacia_seed":3,"minecraft:ink_sac":3,"iceandfire:lightning_dragon_heart":1,"minecraft:spruce_log":4,"dungeonsweaponry:dancers_sword":1,"minecraft:barrel":9,"minecraft:mossy_cobblestone":13,"iceandfire:silver_pickaxe":1,"minecraft:dried_kelp_block":13,"minecraft:snort_pottery_sherd":2,"minecraft:diamond":1,"minecraft:angler_pottery_sherd":3,"minecraft:crossbow":3,"minecraft:golden_apple":1,"iceandfire:ice_dragon_flesh":3,"minecraft:emerald":38,"iceandfire:silver_nugget":342,"minecraft:oak_sapling":4,"minecraft:coal":4,"iceandfire:raw_silver":2,"minecraft:ender_pearl":2},"minecraft:mined":{"iceandfire:silver_ore":1,"minecraft:mossy_cobblestone":9,"iceandfire:dread_torch":1,"minecraft:cobbled_deepslate_stairs":2,"iceandfire:copper_pile":1,"minecraft:cobblestone_stairs":2,"minecraft:spruce_trapdoor":4,"iceandfire:frozen_stone":1,"minecraft:grass_block":2,"minecraft:decorated_pot":1,"iceandfire:frozen_grass":6,"minecraft:redstone_wire":1,"minecraft:light_gray_bed":6,"minecraft:tall_seagrass":1,"minecraft:iron_ore":4,"minecraft:sticky_piston":3,"minecraft:barrel":8,"minecraft:andesite":6,"minecraft:white_glazed_terracotta":1,"biomesoplenty:rainbow_birch_leaves":1,"iceandfire:gold_pile":29,"minecraft:packed_ice":10,"minecraft:stone":562,"minecraft:redstone_block":5,"minecraft:red_bed":1,"iceandfire:dragon_ice_spikes":2,"minecraft:clay":9,"minecraft:crafting_table":3,"minecraft:chest":4,"minecraft:campfire":2,"minecraft:tall_grass":2,"minecraft:copper_ore":1,"minecraft:cobblestone":9,"minecraft:dried_kelp_block":10,"minecraft:lapis_ore":1,"minecraft:sculk":2,"minecraft:wall_torch":1,"minecraft:skeleton_skull":1,"minecraft:coarse_dirt":1,"minecraft:dark_oak_slab":1,"minecraft:birch_log":1,"minecraft:ice":10,"minecraft:spruce_log":2,"biomesoplenty:fir_log":7,"iceandfire:silver_pile":37,"minecraft:grass":6,"biomesoplenty:dead_log":2,"minecraft:oak_log":8,"minecraft:coal_ore":4,"minecraft:gravel":2,"minecraft:sand":7,"minecraft:dirt":11,"minecraft:cobweb":1,"dungeonsweaponry:emerald_pot":3,"minecraft:stone_bricks":4,"minecraft:deepslate":1,"minecraft:fern":1}},"DataVersion":3465}