{"stats":{"minecraft:mined":{"iceandfire:silver_ore":1,"minecraft:mossy_cobblestone":9,"minecraft:cobbled_deepslate_stairs":2,"minecraft:cobblestone_stairs":2,"minecraft:spruce_trapdoor":4,"minecraft:light_gray_bed":6,"minecraft:iron_ore":4,"minecraft:barrel":8,"minecraft:andesite":6,"minecraft:white_glazed_terracotta":1,"iceandfire:gold_pile":29,"minecraft:packed_ice":10,"minecraft:stone":549,"minecraft:red_bed":1,"minecraft:clay":9,"minecraft:crafting_table":3,"minecraft:chest":4,"minecraft:campfire":2,"minecraft:copper_ore":1,"minecraft:cobblestone":9,"minecraft:dried_kelp_block":10,"minecraft:sculk":2,"minecraft:wall_torch":1,"minecraft:dark_oak_slab":1,"minecraft:ice":9,"biomesoplenty:fir_log":7,"minecraft:grass":3,"minecraft:coal_ore":4,"biomesoplenty:dead_log":2,"minecraft:oak_log":8,"minecraft:sand":7,"minecraft:dirt":3,"minecraft:cobweb":1,"dungeonsweaponry:emerald_pot":3,"minecraft:deepslate":1,"minecraft:fern":1},"minecraft:used":{"minecraft:flint_and_steel":6,"minecraft:dried_kelp":57,"minecraft:chest":1,"minecraft:iron_sword":22,"minecraft:torch":1,"dungeonsweaponry:claymore":12,"epicfight:stone_greatsword":19,"minecraft:barrel":9,"tombstone:gift":1,"minecraft:cooked_beef":17,"minecraft:light_gray_bed":1,"minecraft:leather_chestplate":1,"enderite:enderite_sword":11,"minecraft:mossy_cobblestone":5,"minecraft:rail":2,"minecraft:tnt":11,"minecraft:crafting_table":3,"iceandfire:silver_axe":93,"onlyhammers:stone_hammer":650,"iceandfire:armor_bronze_chestplate":1,"minecraft:iron_pickaxe":6,"minecraft:tnt_minecart":61,"minecraft:wooden_sword":29,"minecraft:cobblestone":29,"minecraft:andesite":16,"minecraft:oak_boat":1,"minecraft:golden_pickaxe":27},"minecraft:broken":{"onlyhammers:stone_hammer":1,"minecraft:golden_pickaxe":1},"minecraft:dropped":{"minecraft:iron_sword":1,"minecraft:cobbled_deepslate_stairs":2,"minecraft:mossy_cobblestone":5,"minecraft:ender_pearl":1,"minecraft:diamond":1,"minecraft:crafting_table":2,"minecraft:dark_oak_slab":1,"minecraft:cobblestone":4,"minecraft:mushroom_stew":1,"minecraft:cod":1,"minecraft:music_disc_13":1,"minecraft:dried_kelp_block":3,"iceandfire:dragonegg_green":1,"tombstone:grave_dust":1,"tombstone:scroll_of_lightning_resistance":2,"minecraft:sand":6,"minecraft:tripwire_hook":2,"minecraft:bucket":2,"minecraft:music_disc_cat":1,"minecraft:bone":10,"minecraft:redstone":5,"minecraft:gravel":16,"enderite:enderite_sword":1,"dynamictrees:oak_seed":3,"mvw:stone_hammer":1,"minecraft:rotten_flesh":2,"minecraft:oak_planks":27,"biomesoplenty:fir_planks":20,"minecraft:andesite":45,"minecraft:oak_sapling":2,"artifacts:eternal_steak":1,"minecraft:glass":8,"minecraft:calcite":96,"iceandfire:silver_pickaxe":1},"minecraft:killed":{"minecraft:cod":2,"minecraft:skeleton":2,"minecraft:squid":1,"minecraft:pillager":8,"minecraft:zombie":4,"minecraft:enderman":1,"minecraft:cow":1},"minecraft:killed_by":{"minecraft:player":3},"minecraft:crafted":{"minecraft:wooden_sword":1,"minecraft:oak_planks":36,"mvw:stone_katana":1,"biomesoplenty:dead_planks":8,"minecraft:crafting_table":2,"minecraft:dried_kelp":90,"biomesoplenty:fir_planks":20,"minecraft:oak_boat":1,"minecraft:stick":4,"minecraft:gold_ingot":24,"mvw:stone_hammer":1,"onlyhammers:stone_hammer":1},"minecraft:picked_up":{"minecraft:crafting_table":3,"minecraft:coarse_dirt":16,"minecraft:clay_ball":196,"minecraft:enchanted_book":2,"minecraft:stone_brick_stairs":1,"tombstone:grave_key":2,"minecraft:red_bed":1,"minecraft:raw_copper":11,"minecraft:experience_bottle":2,"minecraft:glass_pane":8,"minecraft:gold_nugget":222,"minecraft:cobbled_deepslate":1,"minecraft:bucket":2,"minecraft:beef":1,"minecraft:calcite":96,"dynamictrees:oak_seed":3,"iceandfire:armor_bronze_boots":1,"minecraft:chest":1,"minecraft:egg":1,"tombstone:scroll_of_lightning_resistance":2,"minecraft:stick":18,"minecraft:raw_iron":6,"minecraft:torch":1,"epicfight:skillbook":2,"iceandfire:armor_bronze_chestplate":1,"tombstone:grave_dust":2,"enderite:enderite_sword":2,"minecraft:redstone":5,"minecraft:dark_oak_planks":32,"minecraft:light_gray_bed":2,"minecraft:arrow":1,"minecraft:rotten_flesh":3,"minecraft:cod":2,"minecraft:cobblestone":629,"iceandfire:silver_axe":1,"iceandfire:dragonegg_green":1,"minecraft:cooked_beef":17,"minecraft:tripwire_hook":2,"minecraft:water_bucket":1,"minecraft:andesite":61,"minecraft:leather":2,"biomesoplenty:dead_log":2,"biomesoplenty:fir_log":5,"minecraft:flint":1,"minecraft:oak_log":9,"iceandfire:armor_bronze_leggings":1,"minecraft:cobbled_deepslate_stairs":4,"minecraft:cobblestone_stairs":1,"minecraft:dirt":3,"minecraft:paper":12,"minecraft:glass":8,"minecraft:bone":13,"minecraft:stone_bricks":1,"minecraft:iron_ingot":17,"securitycraft:universal_block_reinforcer_lvl1":2,"minecraft:dark_oak_slab":1,"iceandfire:armor_bronze_helmet":1,"minecraft:gravel":17,"minecraft:sand":9,"minecraft:ink_sac":3,"dungeonsweaponry:dancers_sword":1,"minecraft:barrel":9,"minecraft:mossy_cobblestone":13,"iceandfire:silver_pickaxe":1,"minecraft:dried_kelp_block":13,"minecraft:diamond":1,"minecraft:golden_apple":1,"minecraft:emerald":38,"minecraft:oak_sapling":2,"minecraft:coal":2,"iceandfire:raw_silver":1,"minecraft:ender_pearl":2},"minecraft:custom":{"minecraft:interact_with_smithing_table":1,"minecraft:mob_kills":20,"minecraft:interact_with_crafting_table":8,"minecraft:open_barrel":20,"minecraft:eat_cake_slice":1,"minecraft:leave_game":5,"minecraft:time_since_death":81466,"minecraft:climb_one_cm":20824,"minecraft:sprint_one_cm":154829,"minecraft:walk_one_cm":542772,"minecraft:drop":158,"minecraft:play_time":88951,"minecraft:deaths":4,"minecraft:sneak_time":3956,"minecraft:walk_under_water_one_cm":61225,"minecraft:boat_one_cm":14318,"minecraft:jump":985,"minecraft:interact_with_brewingstand":1,"minecraft:walk_on_water_one_cm":20714,"minecraft:total_world_time":88951,"minecraft:interact_with_furnace":1,"tombstone:raider_killed":8,"minecraft:time_since_rest":80994,"minecraft:damage_taken":6298,"tombstone:sneak_grave":6,"minecraft:damage_dealt":5665,"minecraft:swim_one_cm":26449,"minecraft:fly_one_cm":239888,"minecraft:player_kills":7,"minecraft:open_chest":79,"minecraft:crouch_one_cm":18528,"tombstone:undead_killed":6,"minecraft:interact_with_smoker":1,"minecraft:fall_one_cm":24411}},"DataVersion":3465}