{"stats":{"minecraft:dropped":{"enderite:enderite_sword":1,"minecraft:rotten_flesh":2},"minecraft:killed":{"minecraft:zombie":2,"minecraft:cow":1},"minecraft:custom":{"minecraft:time_since_rest":5507,"minecraft:sprint_one_cm":51405,"minecraft:damage_taken":4198,"minecraft:walk_one_cm":96353,"tombstone:sneak_grave":5,"minecraft:mob_kills":3,"minecraft:drop":3,"minecraft:damage_dealt":1724,"minecraft:interact_with_crafting_table":1,"minecraft:fly_one_cm":68763,"minecraft:player_kills":7,"minecraft:open_chest":6,"minecraft:crouch_one_cm":1891,"minecraft:play_time":13464,"tombstone:undead_killed":2,"minecraft:deaths":4,"minecraft:sneak_time":390,"minecraft:walk_under_water_one_cm":16014,"minecraft:jump":229,"minecraft:leave_game":3,"minecraft:walk_on_water_one_cm":1579,"minecraft:time_since_death":5979,"minecraft:climb_one_cm":2832,"minecraft:total_world_time":13464,"minecraft:fall_one_cm":4313},"minecraft:crafted":{"minecraft:wooden_sword":1,"biomesoplenty:dead_planks":8,"minecraft:crafting_table":1,"minecraft:stick":4},"minecraft:used":{"enderite:enderite_sword":11,"minecraft:torch":1,"minecraft:wooden_sword":24,"minecraft:crafting_table":1,"tombstone:gift":1},"minecraft:killed_by":{"minecraft:player":3},"minecraft:picked_up":{"minecraft:leather":2,"minecraft:torch":1,"biomesoplenty:dead_log":2,"tombstone:grave_key":2,"enderite:enderite_sword":2,"minecraft:dirt":1,"minecraft:rotten_flesh":2,"minecraft:beef":1},"minecraft:mined":{"minecraft:grass":2,"biomesoplenty:dead_log":2,"minecraft:dirt":1,"minecraft:packed_ice":2,"minecraft:wall_torch":1,"minecraft:fern":1}},"DataVersion":3465}