{"stats":{"minecraft:dropped":{"enderite:enderite_sword":1,"minecraft:rotten_flesh":2},"minecraft:killed":{"minecraft:skeleton":1,"minecraft:zombie":2,"minecraft:cow":1},"minecraft:custom":{"minecraft:time_since_rest":21656,"minecraft:sprint_one_cm":65402,"minecraft:damage_taken":4592,"minecraft:walk_one_cm":184589,"tombstone:sneak_grave":5,"minecraft:mob_kills":5,"minecraft:drop":3,"minecraft:damage_dealt":2284,"minecraft:swim_one_cm":14256,"minecraft:interact_with_crafting_table":6,"minecraft:player_kills":7,"minecraft:fly_one_cm":97333,"minecraft:open_barrel":12,"minecraft:open_chest":13,"minecraft:crouch_one_cm":3857,"minecraft:play_time":29613,"minecraft:deaths":4,"tombstone:undead_killed":3,"minecraft:sneak_time":1051,"minecraft:walk_under_water_one_cm":38736,"minecraft:boat_one_cm":14318,"minecraft:jump":379,"minecraft:eat_cake_slice":1,"minecraft:leave_game":4,"minecraft:time_since_death":22128,"minecraft:walk_on_water_one_cm":6271,"minecraft:climb_one_cm":12236,"minecraft:total_world_time":29613,"minecraft:fall_one_cm":7575},"minecraft:crafted":{"biomesoplenty:fir_planks":20,"minecraft:wooden_sword":1,"minecraft:oak_boat":1,"biomesoplenty:dead_planks":8,"minecraft:oak_planks":12,"minecraft:crafting_table":2,"minecraft:stick":4,"mvw:stone_hammer":1,"onlyhammers:stone_hammer":1,"mvw:stone_katana":1},"minecraft:used":{"minecraft:mossy_cobblestone":5,"enderite:enderite_sword":11,"minecraft:torch":1,"minecraft:wooden_sword":29,"minecraft:cobblestone":18,"minecraft:crafting_table":3,"minecraft:andesite":16,"minecraft:oak_boat":1,"tombstone:gift":1,"minecraft:cooked_beef":5,"iceandfire:silver_axe":17,"onlyhammers:stone_hammer":50},"minecraft:killed_by":{"minecraft:player":3},"minecraft:picked_up":{"minecraft:dark_oak_slab":1,"iceandfire:silver_axe":1,"minecraft:raw_iron":4,"minecraft:crafting_table":2,"minecraft:stick":18,"minecraft:cooked_beef":17,"minecraft:andesite":61,"minecraft:leather":2,"minecraft:torch":1,"biomesoplenty:dead_log":2,"biomesoplenty:fir_log":5,"minecraft:oak_log":3,"tombstone:grave_key":2,"tombstone:grave_dust":1,"enderite:enderite_sword":2,"minecraft:dirt":1,"minecraft:mossy_cobblestone":5,"minecraft:bone":2,"minecraft:arrow":1,"minecraft:rotten_flesh":2,"minecraft:beef":1,"dynamictrees:oak_seed":3,"minecraft:cobblestone":29},"minecraft:mined":{"minecraft:dark_oak_slab":1,"minecraft:mossy_cobblestone":3,"minecraft:iron_ore":4,"minecraft:ice":9,"minecraft:andesite":6,"biomesoplenty:fir_log":7,"minecraft:crafting_table":2,"minecraft:oak_log":2,"minecraft:grass":3,"biomesoplenty:dead_log":2,"minecraft:dirt":1,"minecraft:packed_ice":2,"minecraft:stone":23,"minecraft:wall_torch":1,"minecraft:fern":1}},"DataVersion":3465}