{"stats":{"minecraft:killed":{"luminousworld:frigid_zombie":6,"born_in_chaos_v1:spiritof_chaos":1,"born_in_chaos_v1:restless_spirit":1,"born_in_chaos_v1:baby_skeleton":1,"minecraft:spider":1,"minecraft:iron_golem":2,"born_in_chaos_v1:decrepit_skeleton":2,"born_in_chaos_v1:maggot":1,"minecraft:skeleton":2,"born_in_chaos_v1:bloody_gadfly":1,"minecraft:zombie":3,"luminousworld:miner_skeleton":1,"born_in_chaos_v1:corpse_fly":17},"minecraft:dropped":{"minecraft:iron_ingot":6,"luminousworld:ishstone":1,"minecraft:dripstone_block":1,"minecraft:rotten_flesh":2,"minecraft:granite":6,"born_in_chaos_v1:seedof_chaos":1,"born_in_chaos_v1:monster_skin":1,"minecraft:iron_bars":14,"minecraft:sand":17},"minecraft:broken":{"minecraft:stone_pickaxe":1,"minecraft:wooden_axe":1},"minecraft:custom":{"lootr:looted_stat":11,"minecraft:mob_kills":40,"minecraft:interact_with_crafting_table":17,"minecraft:damage_dealt_resisted":323,"minecraft:time_since_death":9776,"minecraft:sleep_in_bed":1,"minecraft:time_since_rest":1507,"minecraft:sprint_one_cm":95808,"minecraft:damage_taken":829,"minecraft:walk_one_cm":159459,"minecraft:damage_blocked_by_shield":373,"minecraft:drop":9,"minecraft:damage_dealt":8175,"minecraft:swim_one_cm":1816,"minecraft:fly_one_cm":117986,"minecraft:crouch_one_cm":15559,"minecraft:play_time":29231,"minecraft:deaths":1,"minecraft:sneak_time":2829,"minecraft:walk_under_water_one_cm":1186,"minecraft:jump":429,"minecraft:interact_with_brewingstand":1,"minecraft:interact_with_blast_furnace":17,"minecraft:walk_on_water_one_cm":1888,"minecraft:total_world_time":29231,"minecraft:fall_one_cm":7234},"minecraft:used":{"born_in_chaos_v1:ethereal_spirit":10,"minecraft:stone_pickaxe":130,"minecraft:wooden_pickaxe":3,"minecraft:spruce_planks":3,"minecraft:shield":14,"minecraft:iron_sword":129,"minecraft:rotten_flesh":10,"farmersdelight:onion":1,"minecraft:crafting_table":3,"minecraft:blast_furnace":1,"born_in_chaos_v1:corpse_maggot":14,"minecraft:wooden_axe":36,"minecraft:diamond_pickaxe":2,"minecraft:iron_pickaxe":23,"minecraft:iron_helmet":1,"minecraft:cobblestone":35},"minecraft:picked_up":{"born_in_chaos_v1:corpse_maggot":21,"minecraft:crafting_table":3,"born_in_chaos_v1:seedof_chaos":1,"luminousworld:ishstone":1,"born_in_chaos_v1:monster_skin":1,"minecraft:bone":10,"bonfires:ash_pile":1,"minecraft:bow":1,"minecraft:spruce_planks":3,"minecraft:iron_ingot":9,"minecraft:poppy":4,"minecraft:raw_iron":58,"born_in_chaos_v1:ethereal_spirit":2,"minecraft:dripstone_block":1,"minecraft:spruce_sapling":1,"minecraft:pointed_dripstone":2,"minecraft:blast_furnace":1,"minecraft:spruce_log":7,"minecraft:spider_eye":1,"cnc:field_guide":1,"minecraft:rotten_flesh":15,"farmersdelight:onion":1,"knightquest:small_essence":2,"minecraft:granite":6,"minecraft:coal":7,"minecraft:cobblestone":79},"minecraft:mined":{"minecraft:spruce_planks":3,"farmersdelight:onions":1,"minecraft:crafting_table":3,"minecraft:granite":6,"minecraft:blast_furnace":1,"minecraft:cobblestone":14,"minecraft:spruce_leaves":4,"minecraft:iron_ore":58,"minecraft:ice":2,"minecraft:spruce_log":7,"minecraft:coal_ore":7,"luminousworld:ishstone":1,"minecraft:dripstone_block":1,"minecraft:stone":67},"minecraft:killed_by":{"minecraft:zombie":1},"minecraft:crafted":{"minecraft:crafting_table":1,"minecraft:spruce_planks":28,"minecraft:wooden_pickaxe":1,"minecraft:iron_helmet":1,"minecraft:iron_sword":1,"minecraft:heavy_weighted_pressure_plate":3,"minecraft:air":0,"minecraft:iron_bars":16,"minecraft:iron_boots":1,"minecraft:iron_chestplate":1,"minecraft:shield":1,"minecraft:stick":8,"minecraft:iron_ingot":37,"minecraft:stone_pickaxe":1,"minecraft:wooden_axe":1,"minecraft:iron_leggings":1,"jet_and_elias_armors:sentinel_set_helmet":1}},"DataVersion":3465}