{"stats":{"minecraft:killed":{"minecraft:witch":1,"minecraft:spider":1,"minecraft:skeleton":4,"minecraft:zombie":7,"minecraft:glow_squid":1},"minecraft:custom":{"minecraft:interact_with_furnace":5,"minecraft:mob_kills":17,"tombstone:raider_killed":1,"minecraft:interact_with_crafting_table":9,"minecraft:leave_game":3,"minecraft:time_since_death":0,"minecraft:sleep_in_bed":3,"minecraft:time_since_rest":248,"minecraft:sprint_one_cm":101199,"minecraft:damage_taken":1945,"minecraft:walk_one_cm":88610,"minecraft:damage_blocked_by_shield":465,"minecraft:drop":11,"minecraft:damage_dealt":3160,"minecraft:swim_one_cm":35511,"minecraft:fly_one_cm":137197,"minecraft:open_chest":5,"minecraft:crouch_one_cm":7554,"minecraft:play_time":86198,"tombstone:undead_killed":11,"minecraft:deaths":5,"minecraft:sneak_time":3391,"minecraft:walk_under_water_one_cm":5398,"minecraft:jump":850,"minecraft:walk_on_water_one_cm":5905,"minecraft:total_world_time":86198,"minecraft:fall_one_cm":26349},"minecraft:mined":{"minecraft:glass_pane":2,"iceandfire:silver_ore":2,"minecraft:deepslate_diamond_ore":3,"minecraft:torch":1,"minecraft:crafting_table":3,"minecraft:granite":15,"minecraft:grass_block":50,"minecraft:cobblestone":12,"minecraft:diorite":5,"minecraft:magma_block":3,"minecraft:furnace":1,"minecraft:stripped_spruce_wood":50,"minecraft:iron_ore":71,"minecraft:snow":7,"minecraft:andesite":5,"minecraft:oak_log":3,"minecraft:coal_ore":19,"minecraft:deepslate_iron_ore":1,"minecraft:gravel":1,"minecraft:dirt":47,"minecraft:stone":48,"minecraft:oak_leaves":1,"minecraft:deepslate":1},"minecraft:killed_by":{"minecraft:skeleton":2,"minecraft:zombie":1},"minecraft:dropped":{"minecraft:gravel":1,"minecraft:glow_ink_sac":4,"minecraft:cobbled_deepslate":1,"minecraft:rotten_flesh":7,"minecraft:cobblestone":27,"minecraft:granite":1,"minecraft:stick":3,"minecraft:dirt":1,"minecraft:oak_sapling":1,"minecraft:magma_block":1,"minecraft:bone":6},"minecraft:used":{"minecraft:diorite":5,"minecraft:iron_shovel":89,"minecraft:stone_pickaxe":87,"minecraft:wooden_pickaxe":6,"spartanshields:iron_tower_shield":17,"minecraft:torch":4,"minecraft:dirt":77,"minecraft:crafting_table":4,"minecraft:granite":12,"minecraft:wooden_axe":2,"minecraft:iron_axe":106,"minecraft:bread":14,"minecraft:iron_pickaxe":95,"tombstone:grave_key":87,"minecraft:magma_block":2,"minecraft:cobblestone":21,"minecraft:furnace":1,"minecraft:andesite":4,"tombstone:gift":4},"minecraft:picked_up":{"minecraft:magma_block":3,"minecraft:crafting_table":3,"minecraft:glow_ink_sac":4,"minecraft:andesite":4,"minecraft:potato":1,"minecraft:stripped_spruce_wood":50,"minecraft:oak_log":3,"minecraft:string":1,"minecraft:dirt":94,"minecraft:bone":6,"minecraft:bow":1,"minecraft:cobbled_deepslate":1,"minecraft:iron_ingot":1,"minecraft:furnace":1,"minecraft:raw_iron":74,"minecraft:stick":3,"minecraft:torch":1,"minecraft:gravel":1,"tombstone:grave_dust":1,"minecraft:diorite":5,"minecraft:arrow":11,"minecraft:rotten_flesh":7,"minecraft:diamond":3,"minecraft:granite":13,"minecraft:oak_sapling":1,"minecraft:snowball":7,"minecraft:coal":32,"iceandfire:raw_silver":2,"minecraft:cobblestone":54},"minecraft:crafted":{"minecraft:oak_planks":32,"minecraft:crafting_table":1,"minecraft:spruce_planks":200,"spartanshields:iron_tower_shield":1,"minecraft:wooden_pickaxe":1,"spartanshields:wooden_tower_shield":1,"minecraft:furnace":1,"minecraft:air":0,"minecraft:shield":1,"minecraft:iron_axe":1,"minecraft:stick":16,"minecraft:iron_ingot":29,"minecraft:iron_pickaxe":1,"minecraft:stone_pickaxe":1,"minecraft:wooden_axe":1,"minecraft:iron_shovel":1,"minecraft:torch":4}},"DataVersion":3465}