{"stats":{"minecraft:killed":{"luminousworld:frigid_zombie":6,"minecraft:evoker":1,"cnc:elk":2,"minecraft:cave_spider":2,"born_in_chaos_v1:mr_pumpkin":2,"tameablebeasts:giant_grasshopper":2,"irons_spellbooks:priest":1,"born_in_chaos_v1:restless_spirit":1,"born_in_chaos_v1:sir_the_headless":1,"born_in_chaos_v1:zombie_clown_not_despawn":1,"minecraft:vindicator":3,"minecraft:spider":3,"goblins_tyranny:shaman_goblin":1,"cnc:coyote":2,"born_in_chaos_v1:skeleton_thrasher_not_despawn":1,"minecraft:zombie_horse":1,"born_in_chaos_v1:baby_skeleton_minion":4,"born_in_chaos_v1:maggot":1,"born_in_chaos_v1:pumpkinhead":1,"goblins_tyranny:merchant":1,"minecraft:skeleton":2,"iceandfire:fire_dragon":1,"minecraft:panda":1,"luminousworld:miner_skeleton":1,"cnc:giant_boar":2,"minecraft:drowned":1,"born_in_chaos_v1:supreme_bonescaller_stage_2":1,"goblins_tyranny:blacksmith_goblin":1,"irons_spellbooks:archevoker":2,"goblins_tyranny:glitteron":1,"born_in_chaos_v1:spiritof_chaos":1,"cnc:black_bear":1,"born_in_chaos_v1:felsteed":1,"born_in_chaos_v1:bone_imp_minion":7,"born_in_chaos_v1:baby_skeleton":1,"minecraft:iron_golem":5,"tameablebeasts:tameable_chikote":4,"luminousworld:frigid_skeleton":1,"minecraft:ravager":1,"minecraft:creeper":1,"minecraft:squid":2,"born_in_chaos_v1:decrepit_skeleton":2,"minecraft:sheep":5,"goblins_tyranny:mini_goblin_2":1,"goblins_tyranny:goblin_huntsman":1,"born_in_chaos_v1:bloody_gadfly":1,"minecraft:pillager":18,"tameablebeasts:giant_roly_poly":2,"minecraft:zombie":5,"iceandfire:ghost":4,"born_in_chaos_v1:corpse_fly":17,"born_in_chaos_v1:bonescaller_not_despawn":1,"minecraft:stray":6,"born_in_chaos_v1:door_knight":1,"goblins_tyranny:chubby_glitteron":1},"minecraft:dropped":{"minecraft:enchanted_book":5,"minecraft:iron_ingot":6,"minecraft:black_dye":22,"minecraft:diamond_axe":1,"simplyswords:diamond_spear":4,"luminousworld:ishstone":1,"minecraft:dripstone_block":1,"minecraft:feather":1,"minecraft:cobblestone":384,"minecraft:leather":3,"minecraft:apple":6,"minecraft:granite":6,"simplyswords:diamond_claymore":1,"minecraft:red_mushroom":62,"irons_spellbooks:scroll":4,"minecraft:dark_oak_log":2,"born_in_chaos_v1:monster_skin":1,"irons_spellbooks:evocation_rune":2,"minecraft:mutton":7,"irons_spellbooks:arcane_essence":22,"minecraft:gold_nugget":32,"minecraft:sand":17,"irons_spellbooks:emerald_stoneplate_ring":1,"minecraft:bone":1,"minecraft:spyglass":1,"bountiful:bounty":1,"minecraft:wheat":27,"born_in_chaos_v1:ethereal_spirit":2,"cnc:giant_boar_head":1,"minecraft:rotten_flesh":18,"sophisticatedbackpacks:backpack":1,"minecraft:name_tag":1,"minecraft:pumpkin_seeds":88,"minecraft:diamond_sword":2,"minecraft:filled_map":1,"minecraft:poppy":4,"minecraft:cobblestone_slab":1,"born_in_chaos_v1:seedof_chaos":1,"minecraft:gunpowder":6,"aether:iron_gloves":3,"endrem:cold_eye":2,"minecraft:iron_chestplate":3,"minecraft:spider_eye":1,"tameablebeasts:purple_allay":1,"minecraft:barrel":1,"knightquest:small_essence":3,"minecraft:iron_bars":17,"minecraft:arrow":5,"minecraft:written_book":1,"minecraft:black_wool":1},"minecraft:broken":{"minecraft:iron_boots":1,"minecraft:iron_leggings":1,"minecraft:stone_pickaxe":1,"minecraft:wooden_axe":1},"minecraft:custom":{"lootr:looted_stat":83,"minecraft:mob_kills":141,"minecraft:interact_with_crafting_table":38,"minecraft:open_barrel":32,"minecraft:damage_dealt_resisted":3460,"minecraft:leave_game":5,"minecraft:time_since_death":80028,"minecraft:climb_one_cm":19332,"minecraft:sprint_one_cm":941461,"minecraft:walk_one_cm":911794,"minecraft:damage_blocked_by_shield":1259,"minecraft:drop":98,"minecraft:talked_to_villager":6,"minecraft:play_time":222864,"minecraft:deaths":6,"minecraft:sneak_time":4998,"minecraft:walk_under_water_one_cm":19590,"minecraft:interact_with_brewingstand":6,"minecraft:interact_with_lectern":2,"minecraft:jump":3146,"minecraft:interact_with_blast_furnace":17,"minecraft:walk_on_water_one_cm":69061,"minecraft:total_world_time":222864,"minecraft:traded_with_villager":1,"minecraft:sleep_in_bed":1,"minecraft:time_since_rest":80053,"minecraft:damage_taken":6662,"minecraft:damage_absorbed":80,"minecraft:trigger_trapped_chest":3,"minecraft:damage_dealt":39430,"minecraft:fly_one_cm":1249961,"minecraft:swim_one_cm":124278,"minecraft:open_chest":6,"minecraft:crouch_one_cm":30268,"minecraft:interact_with_smoker":1,"minecraft:fall_one_cm":59816},"minecraft:used":{"luminousworld:snow_poppy":1,"minecraft:iron_bars":3,"born_in_chaos_v1:ethereal_spirit":10,"minecraft:spruce_planks":3,"minecraft:shield":41,"minecraft:iron_sword":144,"minecraft:rotten_flesh":10,"minecraft:dirt":8,"born_in_chaos_v1:soul_cutlass":271,"born_in_chaos_v1:corpse_maggot":14,"minecraft:wooden_axe":36,"minecraft:iron_helmet":1,"minecraft:totem_of_undying":1,"born_in_chaos_v1:mint_ice_cream":2,"simplyswords:gold_halberd":88,"minecraft:stone_pickaxe":130,"minecraft:ender_pearl":7,"minecraft:wooden_pickaxe":3,"minecraft:diamond_axe":188,"farmersdelight:onion":1,"minecraft:crafting_table":10,"minecraft:blast_furnace":1,"simplyswords:diamond_spear":229,"born_in_chaos_v1:holiday_candy":4,"minecraft:pumpkin_seeds":1,"sophisticatedbackpacks:backpack":1,"minecraft:diamond_pickaxe":34,"minecraft:bread":58,"minecraft:iron_pickaxe":23,"minecraft:cobblestone":50,"minecraft:porkchop":5,"minecraft:experience_bottle":2},"minecraft:picked_up":{"irons_spellbooks:scroll":4,"minecraft:iron_chestplate":2,"minecraft:crafting_table":8,"minecraft:wheat":35,"born_in_chaos_v1:seedof_chaos":1,"minecraft:diamond_sword":1,"aether:iron_gloves":1,"irons_spellbooks:holy_rune":1,"minecraft:enchanted_book":3,"cnc:raw_venison":12,"born_in_chaos_v1:holiday_candy":4,"minecraft:string":32,"minecraft:white_carpet":1,"irons_spellbooks:arcane_essence":29,"minecraft:gold_nugget":32,"minecraft:spruce_planks":3,"minecraft:cobblestone_slab":1,"minecraft:poppy":8,"irons_spellbooks:emerald_stoneplate_ring":1,"irons_spellbooks:inscription_table":1,"tameablebeasts:purple_allay":1,"minecraft:raw_iron":58,"minecraft:porkchop":5,"minecraft:pointed_dripstone":2,"minecraft:carrot":1,"minecraft:black_dye":22,"irons_spellbooks:evocation_rune":4,"minecraft:arrow":5,"minecraft:rotten_flesh":28,"farmersdelight:onion":1,"minecraft:shears":1,"minecraft:hay_block":18,"minecraft:iron_block":2,"minecraft:totem_of_undying":1,"minecraft:mutton":7,"minecraft:iron_bars":6,"minecraft:white_wool":5,"minecraft:cobblestone":402,"minecraft:birch_log":1,"born_in_chaos_v1:corpse_maggot":21,"minecraft:feather":1,"born_in_chaos_v1:pumpkin_staff":1,"luminousworld:ishstone":1,"minecraft:leather":5,"minecraft:potato":1,"minecraft:red_mushroom":62,"born_in_chaos_v1:mint_ice_cream":2,"minecraft:oak_log":1,"minecraft:gunpowder":6,"minecraft:dirt":8,"born_in_chaos_v1:monster_skin":1,"minecraft:bone":11,"bonfires:ash_pile":1,"born_in_chaos_v1:soul_cutlass":1,"minecraft:apple":2,"minecraft:stone_bricks":1,"minecraft:bow":1,"minecraft:iron_ingot":16,"endrem:cold_eye":2,"minecraft:oak_planks":1,"irons_spellbooks:legendary_ink":1,"minecraft:book":24,"cnc:giant_boar_head":1,"tameablebeasts:leaf":2,"minecraft:pumpkin":16,"born_in_chaos_v1:orbofthe_summoner":1,"born_in_chaos_v1:ethereal_spirit":2,"minecraft:dripstone_block":1,"minecraft:spruce_sapling":1,"minecraft:blast_furnace":1,"minecraft:ink_sac":5,"minecraft:dark_oak_log":6,"minecraft:spruce_log":7,"minecraft:barrel":1,"minecraft:spider_eye":2,"simplyswords:diamond_spear":3,"cnc:field_guide":1,"minecraft:pumpkin_seeds":95,"luminousworld:snow_poppy":1,"knightquest:small_essence":3,"minecraft:diamond_axe":1,"minecraft:granite":6,"minecraft:emerald":21,"minecraft:black_wool":1,"minecraft:stripped_dark_oak_log":1,"minecraft:coal":7},"minecraft:mined":{"minecraft:attached_pumpkin_stem":1,"minecraft:spruce_planks":3,"farmersdelight:onions":1,"luminousworld:grassvariant_4":1,"minecraft:dark_oak_log":5,"goblins_tyranny:mushroom_pad":1,"luminousworld:mossbuds_1":1,"minecraft:granite":6,"minecraft:ladder":3,"luminousworld:mossbuds_2":2,"minecraft:grass_block":11,"luminousworld:grassvariant_2":2,"luminousworld:blackberrybush":1,"minecraft:spruce_leaves":8,"luminousworld:snow_poppy":1,"minecraft:spawner":7,"minecraft:large_fern":1,"minecraft:hay_block":18,"minecraft:iron_ore":58,"minecraft:fire":1,"minecraft:pumpkin":16,"minecraft:bookshelf":8,"iceandfire:gold_pile":8,"minecraft:cobblestone_slab":1,"minecraft:vine":2,"minecraft:iron_bars":4,"irons_spellbooks:inscription_table":1,"minecraft:stone":68,"minecraft:iron_block":2,"minecraft:podzol":2,"minecraft:light_gray_carpet":4,"lootr:lootr_barrel":1,"minecraft:stripped_dark_oak_log":1,"minecraft:crafting_table":8,"minecraft:blast_furnace":1,"minecraft:mushroom_stem":10,"minecraft:cobblestone":15,"minecraft:tall_grass":4,"minecraft:oak_planks":1,"minecraft:chain":2,"minecraft:coarse_dirt":2,"minecraft:birch_log":2,"minecraft:redstone_torch":1,"minecraft:ice":2,"minecraft:white_carpet":7,"minecraft:spruce_log":16,"minecraft:pumpkin_stem":2,"minecraft:stone_brick_stairs":1,"minecraft:grass":12,"minecraft:coal_ore":7,"minecraft:oak_log":1,"luminousworld:ishstone":1,"minecraft:dripstone_block":1,"luminousworld:grassvariant_3":1,"minecraft:cobweb":34,"minecraft:red_mushroom_block":134,"born_in_chaos_v1:infernal_evil_pumpkin_s":1,"minecraft:stone_bricks":1,"minecraft:oak_leaves":2,"minecraft:fern":1},"minecraft:killed_by":{"cnc:wechuge":1,"minecraft:zombie":1,"irons_spellbooks:archevoker":1},"minecraft:crafted":{"minecraft:black_dye":5,"irons_spellbooks:heavy_chain_necklace":1,"minecraft:oak_planks":4,"minecraft:heavy_weighted_pressure_plate":7,"jet_and_elias_armors:sentinel_set_chestplate":1,"minecraft:iron_bars":16,"minecraft:iron_boots":2,"minecraft:leather":10,"minecraft:stone_pickaxe":1,"minecraft:chest":2,"minecraft:dark_oak_planks":20,"minecraft:black_wool":5,"jet_and_elias_armors:sentinel_set_helmet":1,"jet_and_elias_armors:sentinel_set_boots":1,"minecraft:wheat":154,"sophisticatedbackpacks:backpack":2,"minecraft:crafting_table":4,"minecraft:spruce_planks":28,"minecraft:wooden_pickaxe":1,"minecraft:iron_helmet":1,"minecraft:iron_sword":1,"minecraft:birch_planks":4,"minecraft:pumpkin_seeds":64,"minecraft:bread":55,"minecraft:air":0,"minecraft:iron_chestplate":2,"minecraft:shield":1,"minecraft:stick":8,"minecraft:iron_ingot":55,"minecraft:wooden_axe":1,"minecraft:iron_block":2,"minecraft:iron_leggings":2,"jet_and_elias_armors:sentinel_set_leggings":1}},"DataVersion":3465}