{"stats":{"minecraft:killed":{"luminousworld:frigid_zombie":6,"minecraft:evoker":1,"minecraft:cave_spider":2,"born_in_chaos_v1:mr_pumpkin":2,"tameablebeasts:giant_grasshopper":1,"born_in_chaos_v1:restless_spirit":1,"born_in_chaos_v1:sir_the_headless":1,"minecraft:spider":3,"minecraft:vindicator":2,"cnc:coyote":2,"born_in_chaos_v1:skeleton_thrasher_not_despawn":1,"born_in_chaos_v1:baby_skeleton_minion":4,"born_in_chaos_v1:maggot":1,"born_in_chaos_v1:pumpkinhead":1,"minecraft:skeleton":2,"luminousworld:miner_skeleton":1,"cnc:giant_boar":1,"born_in_chaos_v1:supreme_bonescaller_stage_2":1,"irons_spellbooks:archevoker":2,"born_in_chaos_v1:spiritof_chaos":1,"born_in_chaos_v1:felsteed":1,"born_in_chaos_v1:bone_imp_minion":7,"born_in_chaos_v1:baby_skeleton":1,"minecraft:iron_golem":2,"tameablebeasts:tameable_chikote":1,"luminousworld:frigid_skeleton":1,"minecraft:ravager":1,"minecraft:creeper":1,"born_in_chaos_v1:decrepit_skeleton":2,"goblins_tyranny:goblin_huntsman":1,"born_in_chaos_v1:bloody_gadfly":1,"minecraft:pillager":18,"tameablebeasts:giant_roly_poly":2,"minecraft:zombie":5,"iceandfire:ghost":4,"born_in_chaos_v1:corpse_fly":17,"born_in_chaos_v1:bonescaller_not_despawn":1,"minecraft:stray":6},"minecraft:dropped":{"minecraft:enchanted_book":5,"minecraft:iron_ingot":6,"minecraft:diamond_axe":1,"simplyswords:diamond_spear":3,"luminousworld:ishstone":1,"minecraft:dripstone_block":1,"minecraft:cobblestone":384,"minecraft:leather":3,"minecraft:apple":6,"minecraft:granite":6,"irons_spellbooks:scroll":2,"born_in_chaos_v1:monster_skin":1,"minecraft:sand":17,"irons_spellbooks:emerald_stoneplate_ring":1,"minecraft:bone":1,"minecraft:spyglass":1,"bountiful:bounty":1,"cnc:giant_boar_head":1,"born_in_chaos_v1:ethereal_spirit":2,"minecraft:rotten_flesh":10,"minecraft:name_tag":1,"minecraft:diamond_sword":2,"born_in_chaos_v1:seedof_chaos":1,"minecraft:gunpowder":6,"aether:iron_gloves":2,"minecraft:iron_chestplate":2,"minecraft:spider_eye":1,"minecraft:barrel":1,"tameablebeasts:purple_allay":1,"knightquest:small_essence":3,"minecraft:iron_bars":14,"minecraft:arrow":5,"minecraft:written_book":1},"minecraft:broken":{"minecraft:iron_boots":1,"minecraft:iron_leggings":1,"minecraft:stone_pickaxe":1,"minecraft:wooden_axe":1},"minecraft:custom":{"lootr:looted_stat":69,"minecraft:mob_kills":109,"minecraft:interact_with_crafting_table":23,"minecraft:open_barrel":14,"minecraft:damage_dealt_resisted":3077,"minecraft:leave_game":3,"minecraft:time_since_death":89213,"minecraft:climb_one_cm":5016,"minecraft:sprint_one_cm":543359,"minecraft:walk_one_cm":580452,"minecraft:damage_blocked_by_shield":1259,"minecraft:drop":58,"minecraft:talked_to_villager":1,"minecraft:play_time":139362,"minecraft:deaths":5,"minecraft:sneak_time":4375,"minecraft:walk_under_water_one_cm":12235,"minecraft:interact_with_lectern":2,"minecraft:interact_with_brewingstand":2,"minecraft:jump":1909,"minecraft:interact_with_blast_furnace":17,"minecraft:walk_on_water_one_cm":55604,"minecraft:total_world_time":139362,"minecraft:sleep_in_bed":1,"minecraft:time_since_rest":89235,"minecraft:damage_taken":5012,"minecraft:trigger_trapped_chest":3,"minecraft:damage_dealt":31229,"minecraft:fly_one_cm":690789,"minecraft:swim_one_cm":94709,"minecraft:open_chest":2,"minecraft:crouch_one_cm":27651,"minecraft:fall_one_cm":32357},"minecraft:used":{"born_in_chaos_v1:ethereal_spirit":10,"minecraft:spruce_planks":3,"minecraft:shield":41,"minecraft:iron_sword":144,"minecraft:rotten_flesh":10,"born_in_chaos_v1:soul_cutlass":70,"born_in_chaos_v1:corpse_maggot":14,"minecraft:wooden_axe":36,"minecraft:iron_helmet":1,"simplyswords:gold_halberd":88,"minecraft:stone_pickaxe":130,"minecraft:ender_pearl":1,"minecraft:wooden_pickaxe":3,"minecraft:diamond_axe":17,"farmersdelight:onion":1,"minecraft:crafting_table":5,"simplyswords:diamond_spear":229,"minecraft:blast_furnace":1,"minecraft:pumpkin_seeds":1,"minecraft:diamond_pickaxe":19,"minecraft:bread":36,"minecraft:iron_pickaxe":23,"minecraft:cobblestone":50,"minecraft:porkchop":5,"minecraft:experience_bottle":2},"minecraft:picked_up":{"irons_spellbooks:scroll":2,"minecraft:iron_chestplate":1,"minecraft:crafting_table":5,"born_in_chaos_v1:seedof_chaos":1,"minecraft:diamond_sword":1,"aether:iron_gloves":1,"minecraft:enchanted_book":3,"irons_spellbooks:arcane_essence":7,"minecraft:spruce_planks":3,"minecraft:poppy":4,"irons_spellbooks:emerald_stoneplate_ring":1,"irons_spellbooks:inscription_table":1,"tameablebeasts:purple_allay":1,"minecraft:raw_iron":58,"minecraft:porkchop":5,"minecraft:pointed_dripstone":2,"irons_spellbooks:evocation_rune":2,"minecraft:arrow":5,"minecraft:rotten_flesh":20,"farmersdelight:onion":1,"minecraft:shears":1,"minecraft:hay_block":7,"minecraft:iron_block":2,"minecraft:totem_of_undying":1,"minecraft:cobblestone":402,"minecraft:birch_log":1,"born_in_chaos_v1:corpse_maggot":21,"born_in_chaos_v1:pumpkin_staff":1,"luminousworld:ishstone":1,"minecraft:leather":3,"minecraft:potato":1,"minecraft:gunpowder":6,"born_in_chaos_v1:monster_skin":1,"minecraft:bone":11,"bonfires:ash_pile":1,"born_in_chaos_v1:soul_cutlass":1,"minecraft:apple":2,"minecraft:stone_bricks":1,"minecraft:bow":1,"minecraft:iron_ingot":9,"cnc:giant_boar_head":1,"minecraft:pumpkin":3,"born_in_chaos_v1:orbofthe_summoner":1,"born_in_chaos_v1:ethereal_spirit":2,"minecraft:dripstone_block":1,"minecraft:spruce_sapling":1,"minecraft:blast_furnace":1,"minecraft:spruce_log":7,"minecraft:spider_eye":2,"minecraft:barrel":1,"simplyswords:diamond_spear":3,"cnc:field_guide":1,"minecraft:pumpkin_seeds":7,"minecraft:granite":6,"knightquest:small_essence":3,"minecraft:diamond_axe":1,"minecraft:emerald":21,"minecraft:coal":7},"minecraft:mined":{"minecraft:attached_pumpkin_stem":1,"minecraft:spruce_planks":3,"farmersdelight:onions":1,"luminousworld:grassvariant_4":1,"luminousworld:mossbuds_1":1,"minecraft:granite":6,"luminousworld:mossbuds_2":2,"minecraft:grass_block":1,"luminousworld:grassvariant_2":2,"luminousworld:blackberrybush":1,"minecraft:spruce_leaves":4,"minecraft:spawner":7,"minecraft:large_fern":1,"minecraft:hay_block":7,"minecraft:iron_ore":58,"minecraft:pumpkin":3,"minecraft:vine":2,"irons_spellbooks:inscription_table":1,"minecraft:stone":68,"minecraft:iron_block":2,"lootr:lootr_barrel":1,"minecraft:crafting_table":5,"minecraft:blast_furnace":1,"minecraft:cobblestone":15,"minecraft:chain":2,"minecraft:birch_log":2,"minecraft:ice":2,"minecraft:spruce_log":15,"minecraft:pumpkin_stem":2,"minecraft:stone_brick_stairs":1,"minecraft:grass":6,"minecraft:coal_ore":7,"luminousworld:ishstone":1,"minecraft:dripstone_block":1,"luminousworld:grassvariant_3":1,"minecraft:cobweb":1,"minecraft:stone_bricks":1,"born_in_chaos_v1:infernal_evil_pumpkin_s":1,"minecraft:oak_leaves":2,"minecraft:fern":1},"minecraft:crafted":{"minecraft:heavy_weighted_pressure_plate":3,"minecraft:iron_bars":16,"minecraft:iron_boots":2,"minecraft:stone_pickaxe":1,"jet_and_elias_armors:sentinel_set_helmet":1,"minecraft:wheat":63,"minecraft:crafting_table":2,"minecraft:spruce_planks":28,"minecraft:wooden_pickaxe":1,"minecraft:iron_helmet":1,"minecraft:iron_sword":1,"minecraft:birch_planks":4,"minecraft:pumpkin_seeds":12,"minecraft:bread":22,"minecraft:air":0,"minecraft:iron_chestplate":2,"minecraft:shield":1,"minecraft:stick":8,"minecraft:iron_ingot":55,"minecraft:wooden_axe":1,"minecraft:iron_leggings":2},"minecraft:killed_by":{"cnc:wechuge":1,"minecraft:zombie":1,"irons_spellbooks:archevoker":1}},"DataVersion":3465}