{"stats":{"minecraft:mined":{"minecraft:grass_block":8,"biomesoplenty:white_petals":2,"minecraft:kelp":1,"minecraft:sandstone":2,"minecraft:chiseled_stone_bricks":1,"minecraft:spawner":1,"minecraft:tall_seagrass":2,"minecraft:fire":1,"minecraft:vine":1,"biomesoplenty:fir_door":4,"minecraft:stone":25,"iceandfire:chared_cobblestone":2,"iceandfire:dragon_ice_spikes":4,"minecraft:cobblestone":2,"minecraft:tall_grass":5,"minecraft:seagrass":2,"biomesoplenty:maple_leaves":1,"biomesoplenty:fir_log":14,"minecraft:grass":10,"minecraft:dirt":2,"minecraft:sand":3,"dungeonsweaponry:emerald_pot":1,"minecraft:fern":2,"iceandfire:chared_stone":4},"minecraft:used":{"dungeonsweaponry:power_bow":2,"dungeonsweaponry:frost_slayer":7,"minecraft:dirt":10,"minecraft:wooden_axe":30,"epicfight:iron_greatsword":84,"epicfight:stone_greatsword":100,"tombstone:gift":2,"minecraft:cooked_beef":30,"minecraft:cooked_mutton":1,"epicfight:skillbook":3,"minecraft:stone_pickaxe":20,"minecraft:oak_planks":15,"minecraft:wooden_pickaxe":9,"biomesoplenty:fir_planks":11,"enderite:enderite_sword":27,"minecraft:crafting_table":4,"minecraft:bread":6,"minecraft:iron_pickaxe":18,"minecraft:stone_axe":40,"minecraft:cobblestone":6,"biomesoplenty:fir_door":5,"dungeonsweaponry:dark_katana":7},"minecraft:broken":{"minecraft:leather_helmet":1},"minecraft:dropped":{"biomesoplenty:fir_log":18,"minecraft:bread":53,"minecraft:cooked_beef":76,"iceandfire:silver_axe":1,"minecraft:copper_ingot":3,"iceandfire:graveyard_soil":1,"minecraft:dirt":3,"minecraft:sponge":1,"minecraft:torch":1,"minecraft:mutton":1,"minecraft:coast_armor_trim_smithing_template":2,"minecraft:cooked_salmon":1,"epicfight:stone_greatsword":2,"biomesoplenty:fir_door":2,"minecraft:iron_axe":1,"minecraft:sand":6,"minecraft:bone":27,"biomesoplenty:toadstool":1,"minecraft:furnace":2,"enderite:enderite_sword":1,"dynamictrees:oak_seed":8,"minecraft:iron_nugget":2,"iceandfire:ghost_ingot":1,"minecraft:wheat":1,"minecraft:rotten_flesh":7,"minecraft:oak_planks":25,"biomesoplenty:glowing_moss_carpet":2,"minecraft:filled_map":1,"minecraft:potato":16,"iceandfire:ghost_chest":1,"minecraft:spruce_pressure_plate":1,"minecraft:leather_leggings":1,"minecraft:sandstone":2,"minecraft:arrow":4,"minecraft:bow":2,"minecraft:wooden_pickaxe":1,"iceandfire:silver_pickaxe":3},"minecraft:killed":{"dungeonsweaponry:vanguard":1,"minecraft:spider":1,"iceandfire:stymphalian_bird":2,"minecraft:skeleton":4,"iceandfire:dread_knight":3,"iceandfire:dread_thrall":8,"iceandfire:siren":1,"minecraft:drowned":2,"iceandfire:dread_scuttler":1,"minecraft:creeper":3,"minecraft:zombie":5,"iceandfire:ghost":2,"iceandfire:dread_ghoul":7},"minecraft:killed_by":{"minecraft:player":1,"iceandfire:stymphalian_bird":1,"iceandfire:sea_serpent":5},"minecraft:crafted":{"iceandfire:tide_deepblue_boots":1,"minecraft:oak_planks":24,"minecraft:cooked_mutton":1,"minecraft:stone_pickaxe":1,"epicfight:iron_greatsword":1,"iceandfire:tide_deepblue_helmet":1,"minecraft:crafting_table":4,"minecraft:wooden_pickaxe":1,"minecraft:birch_planks":20,"epicfight:stone_greatsword":1,"iceandfire:tide_deepblue_leggings":1,"minecraft:stone_axe":1,"minecraft:bread":27,"biomesoplenty:fir_planks":8,"minecraft:stick":12,"minecraft:iron_ingot":4,"minecraft:wooden_axe":1,"biomesoplenty:fir_door":3},"minecraft:custom":{"minecraft:mob_kills":41,"minecraft:interact_with_crafting_table":16,"minecraft:open_barrel":21,"minecraft:leave_game":11,"minecraft:time_since_death":34942,"minecraft:climb_one_cm":1317,"minecraft:sprint_one_cm":250952,"minecraft:walk_one_cm":405279,"minecraft:drop":130,"minecraft:talked_to_villager":1,"minecraft:play_time":151809,"minecraft:deaths":10,"minecraft:sneak_time":4774,"minecraft:walk_under_water_one_cm":131172,"minecraft:boat_one_cm":32821,"minecraft:jump":1262,"minecraft:walk_on_water_one_cm":135209,"minecraft:total_world_time":151809,"minecraft:interact_with_furnace":1,"minecraft:time_since_rest":34181,"minecraft:damage_taken":9973,"minecraft:trigger_trapped_chest":1,"tombstone:sneak_grave":3,"minecraft:damage_dealt":16014,"minecraft:swim_one_cm":623812,"minecraft:fly_one_cm":630012,"minecraft:player_kills":6,"minecraft:open_chest":67,"minecraft:crouch_one_cm":8839,"tombstone:undead_killed":31,"minecraft:aviate_one_cm":3438,"minecraft:fall_one_cm":26234},"minecraft:picked_up":{"minecraft:crafting_table":2,"minecraft:prismarine_shard":1,"minecraft:leather_leggings":1,"minecraft:wooden_pickaxe":2,"tombstone:grave_key":1,"biomesoplenty:fir_door":6,"minecraft:iron_axe":1,"iceandfire:sea_serpent_scales_teal":11,"minecraft:cooked_salmon":1,"minecraft:wooden_sword":1,"iceandfire:tide_deepblue_chestplate":1,"iceandfire:ghost_ingot":2,"iceandfire:graveyard_soil":1,"minecraft:gold_nugget":6,"biomesoplenty:fir_planks":25,"minecraft:beef":1,"iceandfire:dread_shard":5,"dynamictrees:oak_seed":8,"minecraft:furnace":2,"minecraft:spruce_pressure_plate":1,"iceandfire:ghost_chest":1,"minecraft:stick":9,"minecraft:sandstone":2,"minecraft:raw_gold_block":1,"minecraft:copper_ingot":3,"minecraft:torch":1,"epicfight:skillbook":3,"minecraft:lightning_rod":1,"tombstone:grave_dust":2,"enderite:enderite_sword":1,"minecraft:prismarine_crystals":5,"minecraft:arrow":7,"minecraft:rotten_flesh":9,"biomesoplenty:white_petals":4,"minecraft:mutton":1,"minecraft:iron_bars":2,"minecraft:cobblestone":25,"minecraft:sponge":1,"minecraft:birch_log":5,"minecraft:cooked_beef":13,"iceandfire:sea_serpent_fang":39,"minecraft:leather":2,"dungeonsweaponry:power_bow":1,"minecraft:filled_map":1,"biomesoplenty:fir_log":29,"minecraft:dirt":14,"tombstone:gift":2,"biomesoplenty:glowing_moss_carpet":2,"minecraft:coast_armor_trim_smithing_template":2,"minecraft:bone":32,"minecraft:bow":2,"minecraft:wheat_seeds":1,"dynamictrees:birch_seed":1,"minecraft:iron_ingot":23,"minecraft:stone_pickaxe":1,"minecraft:cobweb":1,"iceandfire:sea_serpent_scales_deepblue":25,"minecraft:oak_planks":44,"biomesoplenty:toadstool":1,"iceandfire:chared_stone":7,"iceandfire:copper_nugget":3,"epicfight:stone_greatsword":2,"iceandfire:shiny_scales":7,"minecraft:sand":6,"iceandfire:stymphalian_bird_feather":5,"minecraft:spider_eye":1,"iceandfire:chared_cobblestone":3,"iceandfire:silver_pickaxe":2,"minecraft:stone_axe":1,"dungeonsweaponry:glaive":1,"minecraft:emerald":25,"tombstone:magic_scroll":1,"minecraft:coal":34}},"DataVersion":3465}