{"stats":{"minecraft:killed":{"luminousworld:frigid_zombie":6,"born_in_chaos_v1:spiritof_chaos":1,"born_in_chaos_v1:restless_spirit":1,"born_in_chaos_v1:baby_skeleton":1,"minecraft:vindicator":1,"minecraft:spider":1,"minecraft:iron_golem":2,"luminousworld:frigid_skeleton":1,"born_in_chaos_v1:skeleton_thrasher_not_despawn":1,"born_in_chaos_v1:decrepit_skeleton":2,"born_in_chaos_v1:maggot":1,"minecraft:skeleton":2,"born_in_chaos_v1:bloody_gadfly":1,"minecraft:pillager":5,"minecraft:zombie":3,"iceandfire:ghost":1,"luminousworld:miner_skeleton":1,"born_in_chaos_v1:corpse_fly":17,"irons_spellbooks:archevoker":1},"minecraft:dropped":{"minecraft:iron_ingot":6,"luminousworld:ishstone":1,"minecraft:dripstone_block":1,"born_in_chaos_v1:ethereal_spirit":2,"minecraft:rotten_flesh":3,"minecraft:apple":2,"minecraft:granite":6,"born_in_chaos_v1:seedof_chaos":1,"minecraft:gunpowder":6,"aether:iron_gloves":2,"born_in_chaos_v1:monster_skin":1,"minecraft:spider_eye":1,"knightquest:small_essence":3,"minecraft:iron_bars":14,"minecraft:sand":17,"irons_spellbooks:emerald_stoneplate_ring":1,"minecraft:written_book":1},"minecraft:broken":{"minecraft:stone_pickaxe":1,"minecraft:wooden_axe":1},"minecraft:custom":{"lootr:looted_stat":47,"minecraft:mob_kills":50,"minecraft:interact_with_crafting_table":19,"minecraft:open_barrel":6,"minecraft:damage_dealt_resisted":657,"minecraft:time_since_death":21082,"minecraft:sleep_in_bed":1,"minecraft:climb_one_cm":2345,"minecraft:time_since_rest":21104,"minecraft:sprint_one_cm":314109,"minecraft:damage_taken":2812,"minecraft:walk_one_cm":330468,"minecraft:damage_blocked_by_shield":919,"minecraft:drop":20,"minecraft:damage_dealt":14138,"minecraft:swim_one_cm":5124,"minecraft:fly_one_cm":409791,"minecraft:open_chest":2,"minecraft:crouch_one_cm":18065,"minecraft:play_time":71231,"minecraft:deaths":5,"minecraft:sneak_time":3141,"minecraft:walk_under_water_one_cm":1333,"minecraft:interact_with_lectern":1,"minecraft:jump":1099,"minecraft:interact_with_brewingstand":1,"minecraft:interact_with_blast_furnace":17,"minecraft:walk_on_water_one_cm":2376,"minecraft:total_world_time":71231,"minecraft:fall_one_cm":20256},"minecraft:used":{"simplyswords:gold_halberd":88,"born_in_chaos_v1:ethereal_spirit":10,"minecraft:stone_pickaxe":130,"minecraft:wooden_pickaxe":3,"minecraft:spruce_planks":3,"minecraft:shield":30,"minecraft:iron_sword":144,"minecraft:rotten_flesh":10,"farmersdelight:onion":1,"minecraft:crafting_table":4,"simplyswords:diamond_spear":7,"minecraft:blast_furnace":1,"born_in_chaos_v1:corpse_maggot":14,"minecraft:wooden_axe":36,"minecraft:diamond_pickaxe":7,"minecraft:bread":15,"minecraft:iron_pickaxe":23,"minecraft:iron_helmet":1,"minecraft:cobblestone":50},"minecraft:picked_up":{"born_in_chaos_v1:corpse_maggot":21,"minecraft:crafting_table":4,"born_in_chaos_v1:seedof_chaos":1,"luminousworld:ishstone":1,"aether:iron_gloves":1,"minecraft:potato":1,"minecraft:gunpowder":6,"born_in_chaos_v1:monster_skin":1,"minecraft:bone":10,"bonfires:ash_pile":1,"minecraft:apple":2,"minecraft:stone_bricks":1,"minecraft:bow":1,"irons_spellbooks:arcane_essence":7,"minecraft:spruce_planks":3,"minecraft:iron_ingot":9,"minecraft:poppy":4,"irons_spellbooks:emerald_stoneplate_ring":1,"tameablebeasts:purple_allay":1,"irons_spellbooks:inscription_table":1,"minecraft:raw_iron":58,"born_in_chaos_v1:ethereal_spirit":2,"minecraft:dripstone_block":1,"minecraft:spruce_sapling":1,"minecraft:pointed_dripstone":2,"minecraft:blast_furnace":1,"minecraft:spruce_log":7,"minecraft:spider_eye":2,"cnc:field_guide":1,"irons_spellbooks:evocation_rune":1,"minecraft:rotten_flesh":16,"farmersdelight:onion":1,"minecraft:shears":1,"minecraft:hay_block":7,"knightquest:small_essence":3,"minecraft:granite":6,"minecraft:emerald":2,"minecraft:coal":7,"minecraft:cobblestone":82},"minecraft:mined":{"minecraft:spruce_planks":3,"farmersdelight:onions":1,"minecraft:crafting_table":4,"minecraft:granite":6,"minecraft:blast_furnace":1,"minecraft:cobblestone":15,"minecraft:spruce_leaves":4,"minecraft:spawner":1,"minecraft:large_fern":1,"minecraft:hay_block":7,"minecraft:iron_ore":58,"minecraft:ice":2,"minecraft:spruce_log":7,"minecraft:stone_brick_stairs":1,"minecraft:coal_ore":7,"luminousworld:ishstone":1,"minecraft:dripstone_block":1,"minecraft:stone_bricks":1,"irons_spellbooks:inscription_table":1,"minecraft:stone":68,"minecraft:oak_leaves":2,"minecraft:fern":1},"minecraft:killed_by":{"cnc:wechuge":1,"minecraft:zombie":1,"irons_spellbooks:archevoker":1},"minecraft:crafted":{"minecraft:crafting_table":1,"minecraft:spruce_planks":28,"minecraft:wooden_pickaxe":1,"minecraft:iron_helmet":1,"minecraft:iron_sword":1,"minecraft:heavy_weighted_pressure_plate":3,"minecraft:bread":22,"minecraft:air":0,"minecraft:iron_bars":16,"minecraft:iron_boots":1,"minecraft:iron_chestplate":1,"minecraft:shield":1,"minecraft:stick":8,"minecraft:iron_ingot":37,"minecraft:stone_pickaxe":1,"minecraft:wooden_axe":1,"minecraft:iron_leggings":1,"jet_and_elias_armors:sentinel_set_helmet":1,"minecraft:wheat":63}},"DataVersion":3465}