{"stats":{"minecraft:killed":{"minecraft:iron_golem":1},"minecraft:custom":{"minecraft:time_since_rest":5231,"minecraft:crouch_one_cm":2984,"minecraft:play_time":5231,"minecraft:sprint_one_cm":9522,"minecraft:walk_one_cm":16341,"minecraft:sneak_time":607,"minecraft:mob_kills":1,"minecraft:jump":70,"minecraft:damage_dealt":968,"minecraft:time_since_death":5231,"minecraft:total_world_time":5231,"minecraft:fall_one_cm":209,"minecraft:interact_with_crafting_table":2,"minecraft:fly_one_cm":16915},"minecraft:used":{"minecraft:wooden_axe":35,"minecraft:cobblestone":13,"minecraft:crafting_table":2,"minecraft:stone_pickaxe":46,"minecraft:spruce_planks":3,"minecraft:wooden_pickaxe":3},"minecraft:picked_up":{"minecraft:raw_iron":3,"minecraft:crafting_table":2,"minecraft:spruce_planks":3,"minecraft:iron_ingot":4,"minecraft:spruce_sapling":1,"minecraft:poppy":2,"minecraft:spruce_log":7,"cnc:field_guide":1,"minecraft:cobblestone":37},"minecraft:mined":{"minecraft:spruce_planks":3,"minecraft:iron_ore":3,"minecraft:cobblestone":10,"minecraft:stone":36,"minecraft:spruce_log":7,"minecraft:spruce_leaves":4,"minecraft:crafting_table":2},"minecraft:crafted":{"minecraft:crafting_table":1,"minecraft:spruce_planks":28,"minecraft:stick":8,"minecraft:wooden_pickaxe":1,"minecraft:stone_pickaxe":1,"minecraft:wooden_axe":1}},"DataVersion":3465}