{"stats":{"minecraft:killed":{"luminousworld:frigid_zombie":6,"minecraft:evoker":1,"minecraft:cave_spider":2,"born_in_chaos_v1:mr_pumpkin":2,"tameablebeasts:giant_grasshopper":1,"born_in_chaos_v1:restless_spirit":1,"born_in_chaos_v1:sir_the_headless":1,"born_in_chaos_v1:zombie_clown_not_despawn":1,"minecraft:spider":3,"minecraft:vindicator":2,"goblins_tyranny:shaman_goblin":1,"cnc:coyote":2,"born_in_chaos_v1:skeleton_thrasher_not_despawn":1,"minecraft:zombie_horse":1,"born_in_chaos_v1:baby_skeleton_minion":4,"born_in_chaos_v1:maggot":1,"born_in_chaos_v1:pumpkinhead":1,"minecraft:skeleton":2,"minecraft:panda":1,"luminousworld:miner_skeleton":1,"cnc:giant_boar":1,"goblins_tyranny:blacksmith_goblin":1,"born_in_chaos_v1:supreme_bonescaller_stage_2":1,"irons_spellbooks:archevoker":2,"goblins_tyranny:glitteron":1,"born_in_chaos_v1:spiritof_chaos":1,"cnc:black_bear":1,"born_in_chaos_v1:felsteed":1,"born_in_chaos_v1:bone_imp_minion":7,"born_in_chaos_v1:baby_skeleton":1,"minecraft:iron_golem":2,"tameablebeasts:tameable_chikote":1,"luminousworld:frigid_skeleton":1,"minecraft:ravager":1,"minecraft:creeper":1,"minecraft:squid":2,"born_in_chaos_v1:decrepit_skeleton":2,"minecraft:sheep":3,"goblins_tyranny:mini_goblin_2":1,"goblins_tyranny:goblin_huntsman":1,"born_in_chaos_v1:bloody_gadfly":1,"minecraft:pillager":18,"tameablebeasts:giant_roly_poly":2,"minecraft:zombie":5,"iceandfire:ghost":4,"born_in_chaos_v1:corpse_fly":17,"born_in_chaos_v1:bonescaller_not_despawn":1,"minecraft:stray":6,"goblins_tyranny:chubby_glitteron":1},"minecraft:dropped":{"minecraft:enchanted_book":5,"minecraft:iron_ingot":6,"minecraft:black_dye":22,"minecraft:diamond_axe":1,"simplyswords:diamond_spear":4,"luminousworld:ishstone":1,"minecraft:dripstone_block":1,"minecraft:cobblestone":384,"minecraft:leather":3,"minecraft:apple":6,"minecraft:granite":6,"simplyswords:diamond_claymore":1,"minecraft:red_mushroom":62,"irons_spellbooks:scroll":3,"born_in_chaos_v1:monster_skin":1,"minecraft:mutton":3,"minecraft:sand":17,"irons_spellbooks:emerald_stoneplate_ring":1,"minecraft:bone":1,"minecraft:spyglass":1,"bountiful:bounty":1,"minecraft:wheat":27,"cnc:giant_boar_head":1,"born_in_chaos_v1:ethereal_spirit":2,"minecraft:rotten_flesh":12,"minecraft:name_tag":1,"minecraft:pumpkin_seeds":45,"minecraft:diamond_sword":2,"born_in_chaos_v1:seedof_chaos":1,"minecraft:gunpowder":6,"aether:iron_gloves":2,"minecraft:iron_chestplate":3,"endrem:cold_eye":1,"minecraft:spider_eye":1,"minecraft:barrel":1,"tameablebeasts:purple_allay":1,"knightquest:small_essence":3,"minecraft:iron_bars":17,"minecraft:arrow":5,"minecraft:written_book":1},"minecraft:broken":{"minecraft:iron_boots":1,"minecraft:iron_leggings":1,"minecraft:stone_pickaxe":1,"minecraft:wooden_axe":1},"minecraft:custom":{"lootr:looted_stat":71,"minecraft:mob_kills":123,"minecraft:interact_with_crafting_table":29,"minecraft:open_barrel":28,"minecraft:damage_dealt_resisted":3077,"minecraft:leave_game":3,"minecraft:time_since_death":20526,"minecraft:climb_one_cm":13046,"minecraft:sprint_one_cm":686520,"minecraft:walk_one_cm":720768,"minecraft:damage_blocked_by_shield":1259,"minecraft:drop":77,"minecraft:talked_to_villager":3,"minecraft:play_time":163362,"minecraft:deaths":6,"minecraft:sneak_time":4429,"minecraft:walk_under_water_one_cm":17970,"minecraft:interact_with_lectern":2,"minecraft:interact_with_brewingstand":6,"minecraft:jump":2387,"minecraft:interact_with_blast_furnace":17,"minecraft:walk_on_water_one_cm":62347,"minecraft:total_world_time":163362,"minecraft:sleep_in_bed":1,"minecraft:time_since_rest":20551,"minecraft:damage_taken":5689,"minecraft:trigger_trapped_chest":3,"minecraft:damage_dealt":33280,"minecraft:fly_one_cm":909150,"minecraft:swim_one_cm":113179,"minecraft:open_chest":5,"minecraft:crouch_one_cm":27921,"minecraft:fall_one_cm":42778},"minecraft:used":{"luminousworld:snow_poppy":1,"minecraft:iron_bars":3,"born_in_chaos_v1:ethereal_spirit":10,"minecraft:spruce_planks":3,"minecraft:shield":41,"minecraft:iron_sword":144,"minecraft:rotten_flesh":10,"born_in_chaos_v1:soul_cutlass":147,"born_in_chaos_v1:corpse_maggot":14,"minecraft:wooden_axe":36,"minecraft:iron_helmet":1,"born_in_chaos_v1:mint_ice_cream":2,"simplyswords:gold_halberd":88,"minecraft:stone_pickaxe":130,"minecraft:ender_pearl":3,"minecraft:wooden_pickaxe":3,"minecraft:diamond_axe":172,"farmersdelight:onion":1,"minecraft:crafting_table":7,"simplyswords:diamond_spear":229,"minecraft:blast_furnace":1,"born_in_chaos_v1:holiday_candy":4,"minecraft:pumpkin_seeds":1,"minecraft:diamond_pickaxe":23,"minecraft:bread":41,"minecraft:iron_pickaxe":23,"minecraft:cobblestone":50,"minecraft:porkchop":5,"minecraft:experience_bottle":2},"minecraft:picked_up":{"irons_spellbooks:scroll":2,"minecraft:wheat":35,"minecraft:iron_chestplate":2,"minecraft:crafting_table":5,"born_in_chaos_v1:seedof_chaos":1,"minecraft:diamond_sword":1,"aether:iron_gloves":1,"minecraft:enchanted_book":3,"born_in_chaos_v1:holiday_candy":4,"minecraft:white_carpet":1,"irons_spellbooks:arcane_essence":7,"minecraft:spruce_planks":3,"minecraft:poppy":4,"irons_spellbooks:emerald_stoneplate_ring":1,"irons_spellbooks:inscription_table":1,"tameablebeasts:purple_allay":1,"minecraft:raw_iron":58,"minecraft:porkchop":5,"minecraft:pointed_dripstone":2,"minecraft:black_dye":22,"irons_spellbooks:evocation_rune":2,"minecraft:arrow":5,"minecraft:rotten_flesh":22,"farmersdelight:onion":1,"minecraft:shears":1,"minecraft:hay_block":18,"minecraft:iron_block":2,"minecraft:totem_of_undying":1,"minecraft:mutton":3,"minecraft:iron_bars":6,"minecraft:white_wool":3,"minecraft:cobblestone":402,"minecraft:birch_log":1,"born_in_chaos_v1:corpse_maggot":21,"born_in_chaos_v1:pumpkin_staff":1,"luminousworld:ishstone":1,"minecraft:leather":3,"minecraft:red_mushroom":62,"born_in_chaos_v1:mint_ice_cream":2,"minecraft:potato":1,"minecraft:oak_log":1,"minecraft:gunpowder":6,"minecraft:dirt":5,"born_in_chaos_v1:monster_skin":1,"minecraft:bone":11,"bonfires:ash_pile":1,"born_in_chaos_v1:soul_cutlass":1,"minecraft:apple":2,"minecraft:stone_bricks":1,"minecraft:bow":1,"minecraft:iron_ingot":9,"endrem:cold_eye":1,"minecraft:book":24,"cnc:giant_boar_head":1,"minecraft:pumpkin":12,"born_in_chaos_v1:orbofthe_summoner":1,"born_in_chaos_v1:ethereal_spirit":2,"minecraft:dripstone_block":1,"minecraft:spruce_sapling":1,"minecraft:ink_sac":5,"minecraft:blast_furnace":1,"minecraft:spruce_log":7,"minecraft:spider_eye":2,"minecraft:barrel":1,"simplyswords:diamond_spear":3,"cnc:field_guide":1,"minecraft:pumpkin_seeds":52,"luminousworld:snow_poppy":1,"minecraft:granite":6,"knightquest:small_essence":3,"minecraft:diamond_axe":1,"minecraft:emerald":21,"minecraft:coal":7},"minecraft:mined":{"minecraft:attached_pumpkin_stem":1,"minecraft:spruce_planks":3,"farmersdelight:onions":1,"luminousworld:grassvariant_4":1,"luminousworld:mossbuds_1":1,"minecraft:granite":6,"luminousworld:mossbuds_2":2,"minecraft:grass_block":8,"luminousworld:grassvariant_2":2,"luminousworld:blackberrybush":1,"minecraft:spruce_leaves":8,"luminousworld:snow_poppy":1,"minecraft:spawner":7,"minecraft:large_fern":1,"minecraft:hay_block":18,"minecraft:iron_ore":58,"minecraft:pumpkin":12,"minecraft:bookshelf":8,"minecraft:vine":2,"minecraft:iron_bars":4,"irons_spellbooks:inscription_table":1,"minecraft:stone":68,"minecraft:iron_block":2,"minecraft:podzol":2,"minecraft:light_gray_carpet":4,"lootr:lootr_barrel":1,"minecraft:crafting_table":5,"minecraft:blast_furnace":1,"minecraft:mushroom_stem":10,"minecraft:tall_grass":2,"minecraft:cobblestone":15,"minecraft:chain":2,"minecraft:birch_log":2,"minecraft:redstone_torch":1,"minecraft:ice":2,"minecraft:white_carpet":7,"minecraft:spruce_log":16,"minecraft:pumpkin_stem":2,"minecraft:stone_brick_stairs":1,"minecraft:grass":6,"minecraft:oak_log":1,"minecraft:coal_ore":7,"luminousworld:ishstone":1,"minecraft:dripstone_block":1,"luminousworld:grassvariant_3":1,"minecraft:cobweb":1,"minecraft:red_mushroom_block":134,"minecraft:stone_bricks":1,"born_in_chaos_v1:infernal_evil_pumpkin_s":1,"minecraft:oak_leaves":2,"minecraft:fern":1},"minecraft:killed_by":{"cnc:wechuge":1,"minecraft:zombie":1,"irons_spellbooks:archevoker":1},"minecraft:crafted":{"minecraft:black_dye":5,"minecraft:oak_planks":4,"jet_and_elias_armors:sentinel_set_chestplate":1,"minecraft:heavy_weighted_pressure_plate":5,"minecraft:iron_bars":16,"minecraft:iron_boots":2,"minecraft:stone_pickaxe":1,"minecraft:black_wool":3,"jet_and_elias_armors:sentinel_set_helmet":1,"minecraft:wheat":154,"minecraft:crafting_table":3,"minecraft:spruce_planks":28,"minecraft:wooden_pickaxe":1,"minecraft:iron_helmet":1,"minecraft:iron_sword":1,"minecraft:birch_planks":4,"minecraft:pumpkin_seeds":48,"minecraft:bread":55,"minecraft:air":0,"minecraft:iron_chestplate":2,"minecraft:shield":1,"minecraft:stick":8,"minecraft:iron_ingot":55,"minecraft:wooden_axe":1,"minecraft:iron_block":2,"minecraft:iron_leggings":2}},"DataVersion":3465}