{"stats":{"minecraft:dropped":{"minecraft:furnace":2,"enderite:enderite_sword":1,"dynamictrees:oak_seed":8,"minecraft:cooked_beef":76,"iceandfire:silver_axe":1,"minecraft:mutton":1,"epicfight:stone_greatsword":1,"minecraft:iron_axe":1,"minecraft:bow":1,"minecraft:wooden_pickaxe":1,"iceandfire:silver_pickaxe":3},"minecraft:killed":{"iceandfire:stymphalian_bird":2,"minecraft:zombie":2,"iceandfire:ghost":1,"iceandfire:siren":1,"minecraft:drowned":1},"minecraft:custom":{"minecraft:interact_with_furnace":1,"minecraft:mob_kills":7,"minecraft:interact_with_crafting_table":6,"minecraft:open_barrel":2,"minecraft:leave_game":7,"minecraft:time_since_death":8428,"minecraft:climb_one_cm":626,"minecraft:time_since_rest":8042,"minecraft:sprint_one_cm":137628,"minecraft:damage_taken":3014,"minecraft:walk_one_cm":209598,"tombstone:sneak_grave":3,"minecraft:drop":93,"minecraft:damage_dealt":3954,"minecraft:swim_one_cm":150964,"minecraft:fly_one_cm":305014,"minecraft:player_kills":6,"minecraft:open_chest":17,"minecraft:crouch_one_cm":5753,"minecraft:play_time":83565,"tombstone:undead_killed":4,"minecraft:deaths":4,"minecraft:sneak_time":2670,"minecraft:walk_under_water_one_cm":69000,"minecraft:boat_one_cm":32821,"minecraft:aviate_one_cm":3438,"minecraft:jump":674,"minecraft:walk_on_water_one_cm":73636,"minecraft:total_world_time":83565,"minecraft:fall_one_cm":11471},"minecraft:crafted":{"minecraft:oak_planks":24,"minecraft:crafting_table":2,"minecraft:wooden_pickaxe":1,"epicfight:stone_greatsword":1,"minecraft:birch_planks":20,"minecraft:stone_axe":1,"minecraft:cooked_mutton":1,"biomesoplenty:fir_planks":4,"minecraft:stick":8,"minecraft:stone_pickaxe":1,"minecraft:wooden_axe":1,"biomesoplenty:fir_door":3},"minecraft:killed_by":{"minecraft:player":1,"iceandfire:stymphalian_bird":1},"minecraft:used":{"minecraft:cooked_mutton":1,"minecraft:stone_pickaxe":18,"dungeonsweaponry:frost_slayer":7,"minecraft:oak_planks":11,"minecraft:wooden_pickaxe":9,"biomesoplenty:fir_planks":11,"enderite:enderite_sword":27,"minecraft:dirt":1,"minecraft:crafting_table":3,"minecraft:wooden_axe":30,"epicfight:stone_greatsword":38,"minecraft:stone_axe":33,"biomesoplenty:fir_door":1,"tombstone:gift":1,"minecraft:cooked_beef":12,"dungeonsweaponry:dark_katana":7},"minecraft:picked_up":{"minecraft:birch_log":5,"minecraft:crafting_table":2,"minecraft:cooked_beef":13,"iceandfire:sea_serpent_fang":7,"minecraft:prismarine_shard":1,"minecraft:leather":2,"minecraft:wooden_pickaxe":2,"minecraft:filled_map":1,"biomesoplenty:fir_log":19,"tombstone:grave_key":1,"minecraft:dirt":3,"tombstone:gift":2,"minecraft:iron_axe":1,"minecraft:wooden_sword":1,"minecraft:bone":6,"iceandfire:ghost_ingot":1,"iceandfire:graveyard_soil":1,"minecraft:bow":2,"minecraft:wheat_seeds":1,"biomesoplenty:fir_planks":25,"dynamictrees:birch_seed":1,"minecraft:iron_ingot":2,"minecraft:beef":1,"minecraft:stone_pickaxe":1,"minecraft:cobweb":1,"dynamictrees:oak_seed":8,"minecraft:oak_planks":44,"minecraft:furnace":2,"minecraft:stick":9,"iceandfire:copper_nugget":3,"minecraft:sandstone":2,"iceandfire:ghost_chest":1,"epicfight:stone_greatsword":2,"minecraft:copper_ingot":3,"iceandfire:shiny_scales":5,"minecraft:sand":3,"iceandfire:stymphalian_bird_feather":5,"tombstone:grave_dust":1,"enderite:enderite_sword":1,"minecraft:prismarine_crystals":5,"iceandfire:silver_pickaxe":2,"minecraft:rotten_flesh":2,"minecraft:stone_axe":1,"biomesoplenty:white_petals":4,"minecraft:mutton":1,"minecraft:iron_bars":2,"minecraft:coal":23,"minecraft:cobblestone":19},"minecraft:mined":{"minecraft:grass_block":1,"biomesoplenty:white_petals":2,"minecraft:tall_grass":5,"minecraft:kelp":1,"minecraft:sandstone":2,"minecraft:tall_seagrass":1,"minecraft:seagrass":2,"biomesoplenty:fir_log":13,"minecraft:grass":8,"minecraft:sand":3,"minecraft:stone":19,"minecraft:fern":2}},"DataVersion":3465}