{"stats":{"minecraft:killed":{"luminousworld:frigid_zombie":2,"born_in_chaos_v1:spiritof_chaos":1,"minecraft:zombie":2,"luminousworld:miner_skeleton":1,"born_in_chaos_v1:restless_spirit":1,"born_in_chaos_v1:corpse_fly":13,"born_in_chaos_v1:baby_skeleton":1,"minecraft:spider":1,"minecraft:iron_golem":1,"born_in_chaos_v1:decrepit_skeleton":2},"minecraft:broken":{"minecraft:stone_pickaxe":1,"minecraft:wooden_axe":1},"minecraft:custom":{"minecraft:time_since_rest":17231,"lootr:looted_stat":6,"minecraft:sprint_one_cm":44374,"minecraft:damage_taken":295,"minecraft:walk_one_cm":97658,"minecraft:damage_blocked_by_shield":220,"minecraft:mob_kills":25,"minecraft:damage_dealt":4631,"minecraft:interact_with_crafting_table":4,"minecraft:fly_one_cm":43206,"minecraft:crouch_one_cm":15553,"minecraft:play_time":17231,"minecraft:sneak_time":2813,"minecraft:damage_dealt_resisted":258,"minecraft:jump":223,"minecraft:interact_with_brewingstand":1,"minecraft:time_since_death":17231,"minecraft:walk_on_water_one_cm":442,"minecraft:total_world_time":17231,"minecraft:fall_one_cm":3923},"minecraft:used":{"born_in_chaos_v1:corpse_maggot":14,"minecraft:wooden_axe":36,"minecraft:stone_pickaxe":130,"minecraft:iron_pickaxe":11,"minecraft:shield":9,"minecraft:spruce_planks":3,"minecraft:wooden_pickaxe":3,"minecraft:iron_sword":74,"minecraft:rotten_flesh":4,"minecraft:cobblestone":32,"minecraft:crafting_table":3},"minecraft:picked_up":{"born_in_chaos_v1:corpse_maggot":15,"minecraft:crafting_table":3,"minecraft:raw_iron":48,"born_in_chaos_v1:seedof_chaos":1,"luminousworld:ishstone":1,"born_in_chaos_v1:ethereal_spirit":2,"minecraft:dripstone_block":1,"minecraft:pointed_dripstone":2,"minecraft:spruce_sapling":1,"minecraft:spruce_log":7,"minecraft:spider_eye":1,"cnc:field_guide":1,"minecraft:bone":7,"minecraft:rotten_flesh":9,"minecraft:bow":1,"minecraft:spruce_planks":3,"minecraft:iron_ingot":4,"minecraft:granite":6,"minecraft:poppy":2,"minecraft:coal":7,"minecraft:cobblestone":78},"minecraft:mined":{"minecraft:spruce_planks":3,"minecraft:iron_ore":48,"minecraft:spruce_log":7,"minecraft:crafting_table":3,"minecraft:granite":6,"minecraft:coal_ore":7,"luminousworld:ishstone":1,"minecraft:dripstone_block":1,"minecraft:cobblestone":14,"minecraft:spruce_leaves":4,"minecraft:stone":66},"minecraft:crafted":{"minecraft:shield":1,"minecraft:crafting_table":1,"minecraft:spruce_planks":28,"minecraft:stick":8,"minecraft:wooden_pickaxe":1,"minecraft:wooden_axe":1,"minecraft:stone_pickaxe":1,"minecraft:iron_sword":1}},"DataVersion":3465}