{"stats":{"minecraft:dropped":{"minecraft:rotten_flesh":1,"dungeonsweaponry:frost_scythe":1,"minecraft:coal":30,"minecraft:emerald":9,"minecraft:pufferfish":1,"minecraft:mutton":1,"minecraft:wooden_axe":1,"epicfight:stone_greatsword":1,"minecraft:mud":1,"minecraft:stone_pickaxe":1,"minecraft:wooden_pickaxe":2,"dungeonsweaponry:power_bow":1},"minecraft:killed":{"dungeonsweaponry:nameless_one":1},"minecraft:custom":{"minecraft:interact_with_furnace":14,"minecraft:mob_kills":2,"minecraft:interact_with_crafting_table":13,"minecraft:leave_game":4,"minecraft:time_since_death":15661,"minecraft:time_since_rest":15423,"minecraft:sprint_one_cm":132959,"minecraft:damage_taken":4805,"minecraft:walk_one_cm":215346,"minecraft:damage_blocked_by_shield":60,"minecraft:trigger_trapped_chest":2,"minecraft:drop":21,"minecraft:damage_dealt":1343,"minecraft:fly_one_cm":182364,"minecraft:player_kills":1,"minecraft:open_chest":8,"minecraft:crouch_one_cm":7845,"minecraft:play_time":50914,"minecraft:deaths":4,"minecraft:sneak_time":1608,"minecraft:walk_under_water_one_cm":1453,"tombstone:tomb_raiding":3,"minecraft:jump":563,"minecraft:walk_on_water_one_cm":1340,"minecraft:total_world_time":50914,"minecraft:fall_one_cm":10862},"minecraft:crafted":{"minecraft:oak_planks":40,"minecraft:spruce_planks":24,"minecraft:wooden_pickaxe":1,"minecraft:furnace":1,"minecraft:mangrove_planks":4,"minecraft:stone_axe":1,"minecraft:air":0,"minecraft:shield":1,"minecraft:stick":16,"minecraft:wooden_axe":1,"minecraft:iron_ingot":6,"minecraft:iron_pickaxe":1,"minecraft:stone_pickaxe":1},"minecraft:killed_by":{"minecraft:player":2,"minecraft:skeleton":1,"minecraft:zombie":1},"minecraft:used":{"minecraft:stone_pickaxe":63,"minecraft:mangrove_planks":4,"minecraft:shield":2,"minecraft:wooden_pickaxe":14,"dungeonsweaponry:frost_scythe":9,"minecraft:crafting_table":1,"minecraft:mud":2,"minecraft:iron_pickaxe":129,"epicfight:stone_greatsword":7,"minecraft:cobblestone":31,"minecraft:furnace":1,"mvw:stone_double_axe":18,"tombstone:gift":3,"minecraft:cooked_beef":10},"minecraft:picked_up":{"minecraft:mud":4,"minecraft:crafting_table":2,"minecraft:cooked_beef":9,"minecraft:wooden_pickaxe":1,"minecraft:oak_log":10,"minecraft:lily_pad":1,"minecraft:lantern":1,"minecraft:pufferfish":1,"minecraft:bone":4,"minecraft:stone_bricks":6,"minecraft:cracked_stone_bricks":1,"minecraft:stone_pickaxe":1,"minecraft:mossy_stone_bricks":1,"minecraft:sugar_cane":3,"minecraft:mangrove_log":1,"minecraft:furnace":1,"minecraft:raw_iron":16,"epicfight:stone_greatsword":1,"minecraft:torch":1,"dungeonsweaponry:frost_scythe":1,"tombstone:grave_dust":1,"minecraft:spruce_log":6,"iceandfire:silver_pickaxe":1,"minecraft:arrow":2,"minecraft:rotten_flesh":1,"mvw:stone_double_axe":1,"minecraft:emerald":60,"minecraft:mutton":2,"minecraft:coal":60,"minecraft:cobblestone":139},"minecraft:mined":{"minecraft:crafting_table":2,"minecraft:cobblestone":2,"minecraft:spruce_leaves":2,"minecraft:lily_pad":1,"minecraft:sugar_cane":1,"minecraft:spawner":1,"minecraft:furnace":1,"minecraft:mud":3,"minecraft:iron_ore":16,"minecraft:spruce_log":6,"minecraft:mangrove_leaves":1,"minecraft:white_glazed_terracotta":1,"minecraft:grass":1,"minecraft:oak_log":10,"minecraft:coal_ore":34,"minecraft:lantern":1,"minecraft:mangrove_log":1,"minecraft:cracked_stone_bricks":1,"dungeonsweaponry:emerald_pot":4,"minecraft:polished_andesite":2,"minecraft:stone_bricks":6,"minecraft:stone":138,"minecraft:mossy_stone_bricks":2,"minecraft:fern":1}},"DataVersion":3465}