{"stats":{"minecraft:dropped":{"biomesoplenty:dead_planks":14,"minecraft:moss_block":20,"minecraft:shelter_pottery_sherd":2,"minecraft:wheat_seeds":13,"minecraft:lapis_lazuli":5,"minecraft:oak_log":2,"minecraft:tnt":1,"minecraft:mossy_cobblestone":2,"minecraft:prismarine_shard":1,"minecraft:cookie":9,"minecraft:feather":3,"minecraft:cobblestone":3,"minecraft:glow_berries":1,"dungeonsweaponry:hammer_of_gravity":1,"minecraft:sheaf_pottery_sherd":1,"minecraft:raw_gold_block":1,"minecraft:dirt":1,"minecraft:gray_wool":1,"minecraft:iron_leggings":1,"minecraft:amethyst_shard":3,"minecraft:iron_axe":1,"minecraft:flowering_azalea":1,"minecraft:angler_pottery_sherd":1,"minecraft:paper":5,"iceandfire:frozen_cobblestone":2,"minecraft:bone":1,"iceandfire:silver_nugget":2,"minecraft:moss_carpet":9,"minecraft:kelp":2,"minecraft:sweet_berries":3,"minecraft:cooked_chicken":3,"minecraft:cobbled_deepslate":68,"minecraft:cocoa_beans":1,"minecraft:rotten_flesh":14,"minecraft:clay_ball":48,"iceandfire:frozen_stone":10,"dungeonsweaponry:claymore":1,"iceandfire:dragon_skull_ice":2,"minecraft:spruce_fence":1,"minecraft:torchflower_seeds":1,"minecraft:diamond_sword":1,"minecraft:big_dripleaf":1,"minecraft:potato":1,"minecraft:diamond_chestplate":1,"minecraft:iron_chestplate":1,"minecraft:beetroot_seeds":1,"minecraft:azalea":5,"minecraft:stone_bricks":6,"minecraft:snort_pottery_sherd":1,"minecraft:spruce_log":4,"minecraft:arrow":2,"minecraft:stone_pickaxe":1,"iceandfire:manuscript":8,"minecraft:black_wool":1},"minecraft:broken":{"epicfight:iron_greatsword":1},"minecraft:killed":{"minecraft:vex":2,"minecraft:witch":1,"dungeonsweaponry:vanguard":2,"minecraft:spider":4,"minecraft:skeleton":5,"minecraft:chicken":3,"iceandfire:hippocampus":1,"minecraft:pig":2,"minecraft:zombie_villager":1,"minecraft:creeper":2,"minecraft:sheep":4,"minecraft:pillager":12,"iceandfire:ghost":3,"minecraft:zombie":15,"iceandfire:sea_serpent":2,"minecraft:cow":4},"minecraft:custom":{"minecraft:interact_with_smithing_table":1,"minecraft:mob_kills":65,"minecraft:interact_with_crafting_table":18,"minecraft:open_barrel":19,"minecraft:eat_cake_slice":4,"minecraft:leave_game":2,"minecraft:time_since_death":5441,"minecraft:climb_one_cm":888,"minecraft:sprint_one_cm":261114,"minecraft:walk_one_cm":520955,"minecraft:damage_blocked_by_shield":720,"minecraft:drop":71,"minecraft:damage_dealt_absorbed":419,"minecraft:talked_to_villager":1,"minecraft:play_time":109905,"minecraft:sneak_time":5117,"minecraft:deaths":5,"minecraft:walk_under_water_one_cm":76612,"minecraft:boat_one_cm":163939,"minecraft:jump":1986,"minecraft:walk_on_water_one_cm":106957,"minecraft:total_world_time":109905,"minecraft:interact_with_furnace":13,"tombstone:raider_killed":15,"minecraft:sleep_in_bed":2,"minecraft:time_since_rest":4978,"minecraft:damage_taken":6186,"minecraft:trigger_trapped_chest":4,"minecraft:damage_dealt":14880,"minecraft:swim_one_cm":229397,"minecraft:fly_one_cm":497083,"minecraft:player_kills":1,"minecraft:open_chest":46,"minecraft:crouch_one_cm":25156,"tombstone:undead_killed":24,"minecraft:interact_with_smoker":3,"minecraft:fall_one_cm":46681},"minecraft:crafted":{"iceandfire:tide_deepblue_boots":1,"minecraft:oak_planks":64,"minecraft:cooked_chicken":3,"minecraft:furnace":1,"iceandfire:tide_deepblue_chestplate":1,"minecraft:cooked_mutton":3,"minecraft:iron_axe":1,"minecraft:stone_pickaxe":1,"minecraft:cooked_beef":2,"biomesoplenty:dead_planks":32,"iceandfire:silver_ingot":15,"minecraft:cooked_porkchop":3,"minecraft:crafting_table":3,"minecraft:wooden_pickaxe":1,"minecraft:bucket":1,"minecraft:air":0,"minecraft:oak_boat":2,"minecraft:shield":1,"minecraft:stick":8,"minecraft:iron_ingot":7,"iceandfire:silver_pickaxe":1},"minecraft:killed_by":{"dungeonsweaponry:nameless_one":1,"iceandfire:ice_dragon":2,"iceandfire:ghost":1,"iceandfire:fire_dragon":1},"minecraft:used":{"minecraft:shield":17,"minecraft:iron_chestplate":1,"minecraft:dirt":13,"minecraft:axolotl_bucket":1,"epicfight:iron_greatsword":63,"minecraft:iron_axe":80,"iceandfire:ghost_chest":1,"iceandfire:tide_deepblue_chestplate":1,"minecraft:beef":3,"minecraft:furnace":3,"tombstone:gift":4,"minecraft:egg":1,"minecraft:cooked_beef":9,"iceandfire:frozen_cobblestone":1,"minecraft:cooked_mutton":3,"minecraft:water_bucket":3,"minecraft:baked_potato":1,"minecraft:stone_pickaxe":24,"minecraft:wooden_pickaxe":11,"minecraft:green_bed":2,"minecraft:cookie":2,"minecraft:glow_berries":3,"minecraft:crafting_table":6,"dungeonsweaponry:hammer_of_gravity":81,"biomesoplenty:dead_planks":3,"iceandfire:silver_pickaxe":331,"tombstone:bag_of_seeds":2,"minecraft:cobblestone":2,"minecraft:bucket":5,"minecraft:pumpkin_pie":8,"iceandfire:tide_deepblue_boots":1,"minecraft:oak_boat":2,"minecraft:diamond_leggings":1},"minecraft:picked_up":{"minecraft:shelter_pottery_sherd":2,"minecraft:crafting_table":3,"minecraft:wheat":3,"minecraft:chicken":3,"minecraft:clay_ball":48,"minecraft:prismarine_shard":1,"minecraft:wither_rose":1,"minecraft:enchanted_book":1,"iceandfire:frozen_cobblestone":9,"minecraft:string":2,"iceandfire:frozen_stone":10,"minecraft:moss_carpet":9,"minecraft:iron_axe":1,"minecraft:diamond_leggings":1,"minecraft:cobbled_deepslate":74,"minecraft:beef":8,"minecraft:azalea":5,"minecraft:furnace":3,"minecraft:egg":1,"iceandfire:dragonbone":42,"minecraft:stick":10,"minecraft:raw_iron":33,"minecraft:sheaf_pottery_sherd":1,"iceandfire:ghost_chest":1,"minecraft:big_dripleaf":1,"minecraft:green_bed":3,"minecraft:spruce_fence":1,"epicfight:skillbook":1,"minecraft:porkchop":3,"tombstone:grave_dust":2,"minecraft:redstone":14,"dungeonsweaponry:claymore":1,"iceandfire:dragon_skull_ice":2,"minecraft:diamond_chestplate":1,"minecraft:arrow":3,"minecraft:rotten_flesh":14,"minecraft:beetroot_seeds":1,"minecraft:glow_berries":3,"minecraft:white_wool":2,"minecraft:cobblestone":54,"iceandfire:sapphire_gem":4,"minecraft:feather":3,"minecraft:cooked_beef":7,"iceandfire:sea_serpent_fang":10,"minecraft:leather":1,"minecraft:potato":1,"biomesoplenty:dead_log":8,"minecraft:oak_log":18,"minecraft:lapis_lazuli":5,"minecraft:dirt":17,"minecraft:bone":1,"minecraft:kelp":2,"minecraft:stone_bricks":15,"epicfight:iron_greatsword":1,"minecraft:wheat_seeds":13,"minecraft:raw_gold":9,"minecraft:iron_ingot":1,"tombstone:bag_of_seeds":1,"minecraft:moss_block":20,"iceandfire:sea_serpent_scales_deepblue":14,"minecraft:pitcher_pod":2,"minecraft:flowering_azalea":1,"minecraft:sweet_berries":3,"minecraft:gravel":2,"biomesoplenty:dead_planks":2,"iceandfire:shiny_scales":1,"minecraft:spruce_log":4,"minecraft:spider_eye":1,"minecraft:mossy_cobblestone":2,"minecraft:bundle":1,"minecraft:snort_pottery_sherd":1,"minecraft:diamond":11,"minecraft:angler_pottery_sherd":1,"minecraft:gray_wool":1,"minecraft:emerald":38,"minecraft:baked_potato":10,"tombstone:magic_scroll":1,"minecraft:black_wool":2,"iceandfire:silver_nugget":80,"minecraft:coal":77,"iceandfire:raw_silver":3},"minecraft:mined":{"minecraft:tuff":4,"minecraft:spruce_planks":7,"iceandfire:silver_ore":5,"minecraft:mossy_cobblestone":2,"minecraft:deepslate_diamond_ore":9,"iceandfire:frozen_cobblestone":42,"minecraft:cave_vines_plant":2,"iceandfire:frozen_stone":41,"minecraft:grass_block":4,"minecraft:spruce_fence":1,"minecraft:decorated_pot":1,"minecraft:brick_stairs":3,"minecraft:kelp":1,"minecraft:moss_block":2,"minecraft:redstone_ore":1,"minecraft:furnace":3,"minecraft:iron_ore":14,"minecraft:fire":2,"minecraft:cave_vines":1,"minecraft:deepslate_iron_ore":13,"minecraft:vine":3,"minecraft:oak_stairs":1,"minecraft:iron_bars":1,"minecraft:stone":65,"minecraft:green_bed":3,"minecraft:deepslate_redstone_ore":2,"minecraft:oak_slab":1,"minecraft:kelp_plant":1,"biomesoplenty:glowworm_silk":2,"minecraft:clay":2,"minecraft:crafting_table":3,"iceandfire:ghost_chest":1,"minecraft:campfire":1,"iceandfire:sapphire_ore":3,"minecraft:copper_ore":1,"minecraft:tall_grass":9,"minecraft:cobblestone":3,"biomesoplenty:sprout":2,"minecraft:lapis_ore":1,"minecraft:deepslate_gold_ore":9,"minecraft:oak_planks":4,"biomesoplenty:glowworm_silk_strand":1,"minecraft:wheat":4,"minecraft:sweet_berry_bush":1,"minecraft:ice":2,"minecraft:stone_brick_stairs":1,"minecraft:wither_rose":1,"minecraft:grass":6,"biomesoplenty:dead_log":8,"minecraft:oak_log":18,"minecraft:coal_ore":32,"minecraft:gravel":2,"minecraft:cobweb":1,"minecraft:cracked_stone_bricks":1,"biomesoplenty:dead_planks":1,"dungeonsweaponry:emerald_pot":2,"minecraft:acacia_planks":1,"minecraft:stone_bricks":14,"minecraft:deepslate":60,"minecraft:fern":1}},"DataVersion":3465}