{"stats":{"minecraft:dropped":{"biomesoplenty:dead_planks":14,"minecraft:moss_block":20,"minecraft:shelter_pottery_sherd":2,"minecraft:wheat_seeds":14,"minecraft:lapis_lazuli":5,"minecraft:oak_log":2,"minecraft:baked_potato":7,"minecraft:tnt":1,"minecraft:mossy_cobblestone":2,"minecraft:prismarine_shard":1,"minecraft:cookie":9,"minecraft:feather":3,"minecraft:cobblestone":3,"minecraft:glow_berries":1,"dungeonsweaponry:hammer_of_gravity":1,"minecraft:sheaf_pottery_sherd":1,"minecraft:raw_gold_block":1,"minecraft:dirt":1,"minecraft:gray_wool":1,"minecraft:iron_leggings":1,"minecraft:amethyst_shard":3,"minecraft:flowering_azalea":1,"minecraft:iron_axe":1,"minecraft:angler_pottery_sherd":1,"minecraft:paper":5,"minecraft:string":2,"minecraft:bone":1,"iceandfire:frozen_cobblestone":2,"minecraft:gravel":2,"iceandfire:silver_nugget":2,"minecraft:moss_carpet":9,"minecraft:kelp":2,"minecraft:sweet_berries":3,"minecraft:cooked_chicken":3,"minecraft:cobbled_deepslate":72,"minecraft:cocoa_beans":1,"minecraft:rotten_flesh":14,"minecraft:clay_ball":48,"iceandfire:frozen_stone":10,"iceandfire:dragon_skull_ice":2,"dungeonsweaponry:claymore":1,"minecraft:torchflower_seeds":1,"minecraft:spruce_fence":1,"minecraft:diamond_sword":1,"minecraft:big_dripleaf":1,"minecraft:potato":1,"minecraft:diamond_chestplate":1,"minecraft:iron_chestplate":1,"minecraft:beetroot_seeds":1,"minecraft:azalea":5,"minecraft:stone_bricks":6,"minecraft:spruce_log":4,"minecraft:snort_pottery_sherd":1,"minecraft:arrow":2,"minecraft:stone_pickaxe":1,"minecraft:beef":10,"iceandfire:manuscript":8,"minecraft:black_wool":1},"minecraft:broken":{"epicfight:iron_greatsword":1},"minecraft:custom":{"minecraft:interact_with_smithing_table":1,"minecraft:mob_kills":103,"minecraft:interact_with_crafting_table":28,"minecraft:open_barrel":19,"minecraft:eat_cake_slice":4,"minecraft:leave_game":6,"minecraft:time_since_death":26433,"minecraft:climb_one_cm":1172,"minecraft:sprint_one_cm":548607,"minecraft:damage_blocked_by_shield":720,"minecraft:walk_one_cm":717985,"minecraft:drop":83,"minecraft:damage_dealt_absorbed":419,"minecraft:talked_to_villager":1,"minecraft:play_time":166142,"minecraft:sneak_time":7086,"minecraft:deaths":9,"minecraft:walk_under_water_one_cm":114877,"minecraft:boat_one_cm":163939,"minecraft:jump":3407,"minecraft:walk_on_water_one_cm":126821,"minecraft:total_world_time":166142,"minecraft:interact_with_furnace":30,"tombstone:raider_killed":15,"minecraft:sleep_in_bed":3,"minecraft:time_since_rest":3365,"minecraft:damage_taken":9088,"minecraft:trigger_trapped_chest":5,"minecraft:damage_dealt":22531,"minecraft:swim_one_cm":269606,"minecraft:fly_one_cm":1130583,"minecraft:player_kills":1,"minecraft:open_chest":81,"minecraft:crouch_one_cm":29093,"tombstone:undead_killed":35,"minecraft:fall_one_cm":98455,"minecraft:interact_with_smoker":3},"minecraft:killed":{"dungeonsweaponry:wraith":1,"minecraft:vex":2,"minecraft:witch":1,"dungeonsweaponry:vanguard":2,"minecraft:spider":6,"minecraft:skeleton":5,"minecraft:guardian":1,"iceandfire:fire_dragon":1,"minecraft:chicken":3,"iceandfire:hippocampus":1,"minecraft:pig":2,"minecraft:zombie_villager":1,"minecraft:creeper":2,"minecraft:sheep":15,"minecraft:pillager":12,"minecraft:zombie":25,"iceandfire:ghost":4,"iceandfire:sea_serpent":2,"minecraft:cow":14},"minecraft:crafted":{"iceandfire:tide_deepblue_boots":1,"minecraft:oak_planks":68,"minecraft:cooked_chicken":3,"minecraft:furnace":3,"iceandfire:tide_deepblue_chestplate":1,"travelersbackpack:diamond":1,"minecraft:cooked_mutton":3,"minecraft:glass":16,"travelersbackpack:white_sleeping_bag":1,"minecraft:iron_axe":1,"minecraft:stone_pickaxe":1,"minecraft:chest":3,"minecraft:wheat":64,"minecraft:cooked_beef":2,"biomesoplenty:dead_planks":32,"iceandfire:silver_ingot":15,"minecraft:cooked_porkchop":3,"minecraft:crafting_table":4,"travelersbackpack:backpack_tank":2,"minecraft:wooden_pickaxe":1,"travelersbackpack:standard":1,"minecraft:bucket":1,"minecraft:air":0,"minecraft:oak_boat":2,"minecraft:shield":1,"minecraft:stick":8,"minecraft:iron_ingot":7,"minecraft:white_bed":1,"iceandfire:silver_pickaxe":1},"minecraft:killed_by":{"iceandfire:cyclops":2,"dungeonsweaponry:nameless_one":1,"iceandfire:ice_dragon":2,"iceandfire:ghost":1,"iceandfire:fire_dragon":1},"minecraft:used":{"minecraft:chest":3,"minecraft:shield":17,"travelersbackpack:diamond":1,"minecraft:iron_chestplate":1,"minecraft:dirt":13,"minecraft:granite":2,"minecraft:axolotl_bucket":3,"epicfight:iron_greatsword":63,"minecraft:iron_axe":222,"iceandfire:ghost_chest":1,"iceandfire:tide_deepblue_chestplate":1,"minecraft:beef":3,"minecraft:furnace":5,"tombstone:gift":4,"minecraft:egg":1,"minecraft:cooked_beef":9,"iceandfire:frozen_cobblestone":1,"minecraft:cooked_mutton":3,"minecraft:water_bucket":5,"minecraft:baked_potato":3,"minecraft:oak_planks":16,"minecraft:stone_pickaxe":24,"minecraft:wooden_pickaxe":11,"minecraft:green_bed":2,"minecraft:cookie":2,"minecraft:glow_berries":3,"minecraft:crafting_table":7,"dungeonsweaponry:hammer_of_gravity":81,"minecraft:white_bed":1,"biomesoplenty:dead_planks":3,"iceandfire:silver_pickaxe":410,"tombstone:bag_of_seeds":2,"minecraft:bread":10,"minecraft:cobblestone":2,"minecraft:diamond_leggings":1,"minecraft:pumpkin_pie":19,"minecraft:bucket":9,"iceandfire:tide_deepblue_boots":1,"minecraft:oak_boat":2},"minecraft:picked_up":{"minecraft:shelter_pottery_sherd":2,"minecraft:crafting_table":4,"minecraft:wheat":67,"minecraft:chicken":3,"minecraft:clay_ball":48,"minecraft:prismarine_shard":1,"minecraft:sentry_armor_trim_smithing_template":2,"minecraft:wither_rose":1,"minecraft:enchanted_book":3,"iceandfire:frozen_cobblestone":9,"minecraft:string":4,"iceandfire:frozen_stone":10,"minecraft:moss_carpet":9,"minecraft:iron_axe":1,"minecraft:diamond_leggings":1,"minecraft:cobbled_deepslate":78,"minecraft:beef":18,"minecraft:azalea":5,"minecraft:chest":1,"iceandfire:dragonscales_red":22,"minecraft:egg":1,"minecraft:furnace":3,"minecraft:raw_iron":33,"minecraft:stick":20,"iceandfire:dragonbone":75,"iceandfire:ghost_chest":1,"minecraft:sheaf_pottery_sherd":1,"minecraft:big_dripleaf":1,"minecraft:green_bed":3,"minecraft:spruce_fence":1,"epicfight:skillbook":4,"minecraft:porkchop":3,"tombstone:grave_dust":4,"minecraft:redstone":14,"dungeonsweaponry:claymore":1,"iceandfire:dragon_skull_ice":2,"iceandfire:silver_ingot":12,"minecraft:arrow":3,"minecraft:rotten_flesh":29,"minecraft:diamond_chestplate":1,"minecraft:beetroot_seeds":1,"minecraft:hay_block":18,"iceandfire:fire_dragon_heart":1,"minecraft:gold_ingot":64,"minecraft:mutton":8,"minecraft:glow_berries":3,"minecraft:obsidian":13,"minecraft:skeleton_skull":1,"minecraft:white_wool":28,"minecraft:cobblestone":76,"iceandfire:sapphire_gem":24,"minecraft:feather":3,"minecraft:cooked_beef":7,"iceandfire:sea_serpent_fang":20,"minecraft:leather":14,"minecraft:potato":1,"biomesoplenty:dead_log":8,"minecraft:oak_log":19,"minecraft:lapis_lazuli":5,"minecraft:dirt":17,"minecraft:bone":1,"minecraft:kelp":2,"minecraft:stone_bricks":15,"epicfight:iron_greatsword":1,"minecraft:wheat_seeds":14,"minecraft:orange_tulip":1,"minecraft:raw_gold":56,"minecraft:iron_ingot":22,"tombstone:bag_of_seeds":1,"minecraft:moss_block":20,"minecraft:pitcher_pod":2,"iceandfire:sea_serpent_scales_deepblue":16,"iceandfire:fire_dragon_flesh":1,"minecraft:flowering_azalea":1,"minecraft:sweet_berries":3,"minecraft:gravel":2,"iceandfire:dragon_skull_fire":1,"iceandfire:shiny_scales":1,"biomesoplenty:dead_planks":2,"minecraft:sand":46,"dungeonsweaponry:trickbow":1,"minecraft:spruce_log":4,"minecraft:spider_eye":1,"minecraft:mossy_cobblestone":2,"iceandfire:chared_cobblestone":1,"minecraft:bundle":1,"minecraft:snort_pottery_sherd":1,"minecraft:diamond":18,"minecraft:angler_pottery_sherd":1,"minecraft:granite":2,"minecraft:gray_wool":1,"minecraft:emerald":38,"minecraft:baked_potato":10,"tombstone:magic_scroll":1,"minecraft:black_wool":5,"iceandfire:silver_nugget":80,"minecraft:coal":77,"iceandfire:raw_silver":3},"minecraft:mined":{"iceandfire:silver_ore":5,"minecraft:tuff":4,"minecraft:spruce_planks":7,"minecraft:mossy_cobblestone":2,"minecraft:deepslate_diamond_ore":9,"iceandfire:frozen_cobblestone":42,"minecraft:cave_vines_plant":2,"biomesoplenty:bush":2,"minecraft:granite":2,"iceandfire:frozen_stone":41,"minecraft:spruce_fence":1,"minecraft:grass_block":5,"minecraft:decorated_pot":1,"minecraft:brick_stairs":3,"minecraft:moss_block":2,"minecraft:kelp":1,"minecraft:hay_block":18,"minecraft:large_fern":2,"minecraft:redstone_ore":1,"minecraft:furnace":3,"minecraft:iron_ore":14,"minecraft:fire":16,"minecraft:andesite":7,"biomesoplenty:webbing":5,"minecraft:vine":4,"minecraft:cave_vines":1,"minecraft:deepslate_iron_ore":13,"minecraft:iron_bars":2,"minecraft:oak_stairs":1,"minecraft:stone":112,"minecraft:green_bed":3,"iceandfire:chared_cobblestone":4,"minecraft:deepslate_redstone_ore":2,"minecraft:oak_slab":1,"minecraft:kelp_plant":1,"biomesoplenty:glowworm_silk":2,"minecraft:clay":2,"minecraft:crafting_table":3,"iceandfire:ghost_chest":1,"minecraft:chest":1,"minecraft:rose_bush":5,"minecraft:campfire":1,"iceandfire:sapphire_ore":3,"minecraft:copper_ore":1,"minecraft:tall_grass":15,"minecraft:cobblestone":3,"biomesoplenty:sprout":3,"minecraft:deepslate_gold_ore":9,"minecraft:lapis_ore":1,"minecraft:oak_planks":4,"minecraft:seagrass":1,"biomesoplenty:glowworm_silk_strand":1,"minecraft:sweet_berry_bush":1,"minecraft:wheat":4,"minecraft:ice":2,"minecraft:wither_rose":1,"minecraft:stone_brick_stairs":1,"minecraft:grass":13,"biomesoplenty:dead_log":8,"minecraft:coal_ore":32,"minecraft:oak_log":19,"minecraft:gravel":2,"minecraft:sand":46,"minecraft:cobweb":1,"biomesoplenty:dead_planks":1,"minecraft:cracked_stone_bricks":1,"dungeonsweaponry:emerald_pot":2,"minecraft:acacia_planks":1,"minecraft:stone_bricks":14,"minecraft:deepslate":64,"minecraft:oak_leaves":1,"minecraft:fern":1,"iceandfire:chared_stone":11}},"DataVersion":3465}