{"stats":{"minecraft:dropped":{"biomesoplenty:dead_planks":14,"minecraft:moss_block":20,"minecraft:shelter_pottery_sherd":2,"minecraft:wheat_seeds":13,"minecraft:lapis_lazuli":5,"minecraft:oak_log":2,"minecraft:tnt":1,"minecraft:feather":3,"minecraft:cobblestone":3,"minecraft:glow_berries":1,"minecraft:sheaf_pottery_sherd":1,"minecraft:dirt":1,"minecraft:amethyst_shard":3,"minecraft:flowering_azalea":1,"minecraft:iron_axe":1,"minecraft:angler_pottery_sherd":1,"iceandfire:frozen_cobblestone":1,"minecraft:bone":1,"iceandfire:silver_nugget":2,"minecraft:moss_carpet":9,"minecraft:cobbled_deepslate":68,"minecraft:cocoa_beans":1,"minecraft:rotten_flesh":12,"minecraft:clay_ball":48,"iceandfire:frozen_stone":10,"minecraft:torchflower_seeds":1,"minecraft:spruce_fence":1,"minecraft:big_dripleaf":1,"minecraft:potato":1,"minecraft:beetroot_seeds":1,"minecraft:azalea":5,"minecraft:snort_pottery_sherd":1,"minecraft:spruce_log":4,"minecraft:arrow":2,"minecraft:stone_pickaxe":1},"minecraft:killed":{"minecraft:witch":1,"minecraft:spider":4,"minecraft:skeleton":2,"minecraft:chicken":3,"minecraft:pig":2,"minecraft:zombie_villager":1,"minecraft:creeper":2,"minecraft:sheep":4,"minecraft:zombie":13,"iceandfire:ghost":3,"minecraft:cow":4},"minecraft:custom":{"minecraft:mob_kills":40,"minecraft:interact_with_crafting_table":11,"minecraft:open_barrel":6,"minecraft:eat_cake_slice":4,"minecraft:leave_game":1,"minecraft:time_since_death":15389,"minecraft:climb_one_cm":336,"minecraft:sprint_one_cm":189870,"minecraft:walk_one_cm":347906,"minecraft:damage_blocked_by_shield":265,"minecraft:drop":40,"minecraft:talked_to_villager":1,"minecraft:play_time":62020,"minecraft:deaths":3,"minecraft:sneak_time":4153,"minecraft:walk_under_water_one_cm":2861,"minecraft:boat_one_cm":36707,"minecraft:jump":1451,"minecraft:walk_on_water_one_cm":16106,"minecraft:total_world_time":62020,"minecraft:interact_with_furnace":13,"tombstone:raider_killed":3,"minecraft:sleep_in_bed":1,"minecraft:time_since_rest":4062,"minecraft:damage_taken":4354,"minecraft:trigger_trapped_chest":2,"minecraft:damage_dealt":6601,"minecraft:swim_one_cm":4406,"minecraft:fly_one_cm":381972,"minecraft:player_kills":1,"minecraft:open_chest":15,"minecraft:crouch_one_cm":22718,"tombstone:undead_killed":19,"minecraft:fall_one_cm":35890},"minecraft:crafted":{"minecraft:oak_planks":64,"minecraft:furnace":1,"minecraft:iron_axe":1,"minecraft:stone_pickaxe":1,"biomesoplenty:dead_planks":32,"iceandfire:silver_ingot":15,"minecraft:cooked_porkchop":3,"minecraft:crafting_table":2,"minecraft:wooden_pickaxe":1,"minecraft:bucket":1,"minecraft:air":0,"minecraft:oak_boat":1,"minecraft:shield":1,"minecraft:stick":8,"minecraft:iron_ingot":7,"iceandfire:silver_pickaxe":1},"minecraft:killed_by":{"iceandfire:ice_dragon":2,"iceandfire:ghost":1},"minecraft:used":{"minecraft:shield":5,"minecraft:iron_chestplate":1,"minecraft:dirt":13,"minecraft:axolotl_bucket":1,"epicfight:iron_greatsword":45,"minecraft:iron_axe":63,"iceandfire:ghost_chest":1,"minecraft:beef":3,"minecraft:furnace":3,"tombstone:gift":2,"minecraft:egg":1,"iceandfire:frozen_cobblestone":1,"minecraft:cooked_beef":7,"minecraft:water_bucket":3,"minecraft:stone_pickaxe":24,"minecraft:wooden_pickaxe":11,"minecraft:green_bed":1,"minecraft:crafting_table":5,"biomesoplenty:dead_planks":3,"iceandfire:silver_pickaxe":284,"tombstone:bag_of_seeds":2,"minecraft:cobblestone":2,"minecraft:bucket":5,"minecraft:oak_boat":1},"minecraft:picked_up":{"minecraft:shelter_pottery_sherd":2,"minecraft:crafting_table":3,"minecraft:wheat":3,"minecraft:chicken":3,"minecraft:clay_ball":48,"minecraft:wither_rose":1,"iceandfire:frozen_cobblestone":9,"iceandfire:frozen_stone":10,"minecraft:string":2,"minecraft:moss_carpet":9,"minecraft:iron_axe":1,"minecraft:cobbled_deepslate":74,"minecraft:beef":8,"minecraft:azalea":5,"minecraft:furnace":3,"minecraft:egg":1,"minecraft:raw_iron":33,"minecraft:stick":10,"minecraft:sheaf_pottery_sherd":1,"iceandfire:ghost_chest":1,"minecraft:big_dripleaf":1,"minecraft:green_bed":2,"minecraft:spruce_fence":1,"epicfight:skillbook":1,"minecraft:porkchop":3,"tombstone:grave_dust":2,"minecraft:redstone":14,"minecraft:arrow":3,"minecraft:rotten_flesh":12,"minecraft:beetroot_seeds":1,"minecraft:glow_berries":3,"minecraft:white_wool":2,"minecraft:cobblestone":46,"iceandfire:sapphire_gem":3,"minecraft:feather":3,"minecraft:cooked_beef":7,"minecraft:leather":1,"minecraft:potato":1,"biomesoplenty:dead_log":8,"minecraft:oak_log":18,"minecraft:lapis_lazuli":5,"minecraft:dirt":17,"minecraft:bone":1,"epicfight:iron_greatsword":1,"minecraft:wheat_seeds":13,"minecraft:raw_gold":9,"minecraft:iron_ingot":1,"tombstone:bag_of_seeds":1,"minecraft:moss_block":20,"minecraft:flowering_azalea":1,"minecraft:sweet_berries":3,"biomesoplenty:dead_planks":2,"minecraft:spruce_log":4,"minecraft:spider_eye":1,"minecraft:snort_pottery_sherd":1,"minecraft:diamond":11,"minecraft:angler_pottery_sherd":1,"minecraft:gray_wool":1,"tombstone:magic_scroll":1,"minecraft:black_wool":1,"iceandfire:silver_nugget":80,"minecraft:coal":77,"iceandfire:raw_silver":3},"minecraft:mined":{"minecraft:tuff":4,"minecraft:spruce_planks":7,"iceandfire:silver_ore":5,"minecraft:deepslate_diamond_ore":9,"iceandfire:frozen_cobblestone":42,"minecraft:cave_vines_plant":2,"iceandfire:frozen_stone":41,"minecraft:spruce_fence":1,"minecraft:grass_block":1,"minecraft:decorated_pot":1,"minecraft:moss_block":2,"minecraft:redstone_ore":1,"minecraft:furnace":3,"minecraft:iron_ore":14,"minecraft:vine":3,"minecraft:cave_vines":1,"minecraft:deepslate_iron_ore":13,"minecraft:oak_stairs":1,"minecraft:stone":45,"minecraft:green_bed":2,"minecraft:deepslate_redstone_ore":2,"biomesoplenty:glowworm_silk":2,"minecraft:crafting_table":3,"minecraft:clay":2,"iceandfire:ghost_chest":1,"minecraft:campfire":1,"iceandfire:sapphire_ore":3,"minecraft:copper_ore":1,"minecraft:tall_grass":9,"minecraft:cobblestone":1,"biomesoplenty:sprout":2,"minecraft:lapis_ore":1,"minecraft:deepslate_gold_ore":9,"minecraft:oak_planks":4,"biomesoplenty:glowworm_silk_strand":1,"minecraft:wheat":4,"minecraft:sweet_berry_bush":1,"minecraft:ice":2,"minecraft:wither_rose":1,"minecraft:grass":6,"biomesoplenty:dead_log":8,"minecraft:coal_ore":32,"minecraft:oak_log":18,"biomesoplenty:dead_planks":1,"minecraft:stone_bricks":1,"minecraft:deepslate":60,"minecraft:fern":1}},"DataVersion":3465}