{"stats":{"minecraft:dropped":{"minecraft:moss_carpet":9,"minecraft:wheat_seeds":13,"minecraft:moss_block":20,"minecraft:shelter_pottery_sherd":2,"minecraft:cobbled_deepslate":2,"minecraft:cocoa_beans":1,"minecraft:cobblestone":3,"minecraft:rotten_flesh":6,"minecraft:clay_ball":22,"minecraft:sheaf_pottery_sherd":1,"minecraft:spruce_fence":1,"minecraft:torchflower_seeds":1,"minecraft:dirt":1,"minecraft:big_dripleaf":1,"minecraft:potato":1,"minecraft:beetroot_seeds":1,"minecraft:azalea":5,"minecraft:flowering_azalea":1,"minecraft:spruce_log":4,"minecraft:snort_pottery_sherd":1,"minecraft:iron_axe":1,"minecraft:stone_pickaxe":1,"minecraft:angler_pottery_sherd":1},"minecraft:killed":{"minecraft:pig":2,"minecraft:witch":1,"minecraft:spider":3,"minecraft:creeper":2,"minecraft:skeleton":1,"minecraft:zombie":6,"iceandfire:ghost":2,"minecraft:chicken":3,"minecraft:cow":4},"minecraft:custom":{"minecraft:interact_with_furnace":13,"minecraft:mob_kills":24,"tombstone:raider_killed":1,"minecraft:interact_with_crafting_table":9,"minecraft:leave_game":1,"minecraft:time_since_death":21196,"minecraft:climb_one_cm":336,"minecraft:time_since_rest":18797,"minecraft:sprint_one_cm":126512,"minecraft:damage_taken":2639,"minecraft:walk_one_cm":234411,"minecraft:damage_blocked_by_shield":235,"minecraft:trigger_trapped_chest":1,"minecraft:drop":24,"minecraft:damage_dealt":3731,"minecraft:fly_one_cm":206119,"minecraft:player_kills":1,"minecraft:crouch_one_cm":11580,"minecraft:play_time":38020,"tombstone:undead_killed":9,"minecraft:deaths":1,"minecraft:sneak_time":2071,"minecraft:walk_under_water_one_cm":1475,"minecraft:jump":794,"minecraft:walk_on_water_one_cm":10927,"minecraft:total_world_time":38020,"minecraft:fall_one_cm":26424},"minecraft:crafted":{"biomesoplenty:dead_planks":32,"minecraft:cooked_porkchop":3,"iceandfire:silver_ingot":3,"minecraft:crafting_table":1,"minecraft:wooden_pickaxe":1,"minecraft:furnace":1,"minecraft:bucket":1,"minecraft:air":0,"minecraft:shield":1,"minecraft:iron_axe":1,"minecraft:stick":8,"minecraft:iron_ingot":7,"minecraft:stone_pickaxe":1,"iceandfire:silver_pickaxe":1},"minecraft:killed_by":{"iceandfire:ghost":1},"minecraft:used":{"minecraft:water_bucket":3,"minecraft:stone_pickaxe":24,"minecraft:wooden_pickaxe":11,"minecraft:shield":4,"minecraft:crafting_table":2,"biomesoplenty:dead_planks":3,"minecraft:axolotl_bucket":1,"tombstone:bag_of_seeds":2,"iceandfire:silver_pickaxe":90,"epicfight:iron_greatsword":19,"minecraft:iron_axe":51,"iceandfire:ghost_chest":1,"minecraft:cobblestone":2,"minecraft:beef":3,"minecraft:furnace":3,"minecraft:bucket":5,"minecraft:egg":1,"minecraft:cooked_beef":2},"minecraft:picked_up":{"minecraft:cooked_beef":7,"minecraft:shelter_pottery_sherd":2,"minecraft:crafting_table":2,"minecraft:wheat":3,"minecraft:feather":3,"minecraft:chicken":3,"minecraft:clay_ball":44,"minecraft:leather":1,"minecraft:potato":1,"biomesoplenty:dead_log":8,"minecraft:wither_rose":1,"minecraft:oak_log":18,"minecraft:lapis_lazuli":5,"minecraft:string":2,"minecraft:dirt":17,"minecraft:moss_carpet":9,"minecraft:iron_axe":1,"epicfight:iron_greatsword":1,"minecraft:wheat_seeds":13,"minecraft:cobbled_deepslate":8,"minecraft:raw_gold":9,"minecraft:beef":8,"minecraft:iron_ingot":1,"tombstone:bag_of_seeds":1,"minecraft:azalea":5,"minecraft:moss_block":20,"minecraft:flowering_azalea":1,"minecraft:egg":1,"minecraft:furnace":3,"minecraft:stick":10,"minecraft:raw_iron":25,"iceandfire:ghost_chest":1,"minecraft:sheaf_pottery_sherd":1,"minecraft:sweet_berries":3,"minecraft:big_dripleaf":1,"biomesoplenty:dead_planks":2,"minecraft:spruce_fence":1,"minecraft:porkchop":3,"minecraft:spruce_log":4,"minecraft:redstone":14,"minecraft:spider_eye":1,"minecraft:beetroot_seeds":1,"minecraft:arrow":1,"minecraft:rotten_flesh":8,"minecraft:snort_pottery_sherd":1,"minecraft:diamond":5,"minecraft:angler_pottery_sherd":1,"tombstone:magic_scroll":1,"minecraft:coal":77,"iceandfire:raw_silver":3,"minecraft:cobblestone":26},"minecraft:mined":{"minecraft:deepslate_redstone_ore":2,"minecraft:tuff":1,"iceandfire:silver_ore":3,"biomesoplenty:glowworm_silk":2,"minecraft:deepslate_diamond_ore":5,"minecraft:clay":2,"minecraft:crafting_table":2,"minecraft:grass_block":1,"minecraft:spruce_fence":1,"minecraft:decorated_pot":1,"iceandfire:ghost_chest":1,"minecraft:tall_grass":9,"minecraft:deepslate_gold_ore":9,"minecraft:lapis_ore":1,"minecraft:redstone_ore":1,"minecraft:furnace":3,"biomesoplenty:glowworm_silk_strand":1,"minecraft:sweet_berry_bush":1,"minecraft:iron_ore":10,"minecraft:wheat":4,"minecraft:wither_rose":1,"minecraft:grass":4,"biomesoplenty:dead_log":8,"minecraft:oak_log":18,"minecraft:coal_ore":32,"minecraft:deepslate_iron_ore":9,"minecraft:vine":2,"biomesoplenty:dead_planks":1,"minecraft:stone":27,"minecraft:stone_bricks":1,"minecraft:deepslate":9,"minecraft:fern":1}},"DataVersion":3465}