{"stats":{"minecraft:dropped":{"minecraft:shelter_pottery_sherd":2,"minecraft:sheaf_pottery_sherd":1,"minecraft:snort_pottery_sherd":1,"minecraft:iron_axe":1,"minecraft:angler_pottery_sherd":1},"minecraft:killed":{"minecraft:zombie":1,"iceandfire:ghost":1,"minecraft:cow":4},"minecraft:custom":{"minecraft:interact_with_furnace":10,"minecraft:mob_kills":6,"minecraft:interact_with_crafting_table":9,"minecraft:leave_game":1,"minecraft:time_since_death":3196,"minecraft:climb_one_cm":336,"minecraft:time_since_rest":797,"minecraft:sprint_one_cm":51539,"minecraft:damage_taken":2410,"minecraft:walk_one_cm":118935,"minecraft:damage_blocked_by_shield":205,"minecraft:trigger_trapped_chest":1,"minecraft:drop":6,"minecraft:damage_dealt":990,"minecraft:fly_one_cm":96382,"minecraft:crouch_one_cm":7178,"minecraft:play_time":20020,"tombstone:undead_killed":2,"minecraft:deaths":1,"minecraft:sneak_time":1126,"minecraft:walk_under_water_one_cm":101,"minecraft:jump":394,"minecraft:walk_on_water_one_cm":6087,"minecraft:total_world_time":20020,"minecraft:fall_one_cm":11059},"minecraft:crafted":{"biomesoplenty:dead_planks":32,"iceandfire:silver_ingot":3,"minecraft:crafting_table":1,"minecraft:wooden_pickaxe":1,"minecraft:furnace":1,"minecraft:bucket":1,"minecraft:air":0,"minecraft:shield":1,"minecraft:iron_axe":1,"minecraft:stick":8,"minecraft:iron_ingot":7,"minecraft:stone_pickaxe":1,"iceandfire:silver_pickaxe":1},"minecraft:killed_by":{"iceandfire:ghost":1},"minecraft:used":{"minecraft:stone_pickaxe":24,"minecraft:wooden_pickaxe":11,"minecraft:shield":3,"minecraft:crafting_table":2,"biomesoplenty:dead_planks":1,"iceandfire:silver_pickaxe":46,"minecraft:iron_axe":33,"minecraft:cobblestone":2,"minecraft:furnace":2,"minecraft:bucket":1},"minecraft:picked_up":{"minecraft:shelter_pottery_sherd":2,"minecraft:crafting_table":2,"minecraft:clay_ball":22,"minecraft:leather":1,"biomesoplenty:dead_log":8,"minecraft:wither_rose":1,"minecraft:oak_log":18,"minecraft:lapis_lazuli":5,"minecraft:dirt":1,"minecraft:moss_carpet":9,"minecraft:iron_axe":1,"minecraft:wheat_seeds":1,"minecraft:cobbled_deepslate":1,"minecraft:beef":8,"minecraft:iron_ingot":1,"tombstone:bag_of_seeds":1,"minecraft:azalea":5,"minecraft:moss_block":20,"minecraft:furnace":2,"minecraft:raw_iron":20,"iceandfire:ghost_chest":1,"minecraft:sheaf_pottery_sherd":1,"minecraft:big_dripleaf":1,"minecraft:redstone":14,"minecraft:rotten_flesh":6,"minecraft:snort_pottery_sherd":1,"minecraft:diamond":2,"minecraft:angler_pottery_sherd":1,"minecraft:coal":49,"iceandfire:raw_silver":3,"minecraft:cobblestone":16},"minecraft:mined":{"minecraft:deepslate_redstone_ore":2,"minecraft:tuff":1,"iceandfire:silver_ore":3,"minecraft:deepslate_diamond_ore":2,"minecraft:clay":2,"minecraft:crafting_table":2,"minecraft:grass_block":1,"minecraft:decorated_pot":1,"iceandfire:ghost_chest":1,"minecraft:lapis_ore":1,"minecraft:redstone_ore":1,"minecraft:furnace":2,"minecraft:iron_ore":7,"minecraft:wither_rose":1,"biomesoplenty:dead_log":8,"minecraft:oak_log":18,"minecraft:coal_ore":32,"minecraft:deepslate_iron_ore":7,"minecraft:vine":2,"minecraft:stone":16,"minecraft:stone_bricks":1,"minecraft:deepslate":1}},"DataVersion":3465}