{"stats":{"minecraft:dropped":{"minecraft:iron_axe":1},"minecraft:custom":{"minecraft:time_since_rest":8767,"minecraft:interact_with_furnace":8,"minecraft:sprint_one_cm":28490,"minecraft:damage_taken":70,"minecraft:walk_one_cm":24930,"minecraft:drop":1,"minecraft:interact_with_crafting_table":8,"minecraft:fly_one_cm":38587,"minecraft:crouch_one_cm":4390,"minecraft:play_time":8767,"minecraft:sneak_time":660,"minecraft:jump":146,"minecraft:walk_on_water_one_cm":1009,"minecraft:time_since_death":8767,"minecraft:total_world_time":8767,"minecraft:fall_one_cm":6654},"minecraft:crafted":{"biomesoplenty:dead_planks":32,"iceandfire:silver_ingot":3,"minecraft:shield":1,"minecraft:iron_axe":1,"minecraft:crafting_table":1,"minecraft:stick":8,"minecraft:wooden_pickaxe":1,"minecraft:iron_ingot":5,"minecraft:stone_pickaxe":1,"minecraft:furnace":1,"iceandfire:silver_pickaxe":1,"minecraft:air":0},"minecraft:used":{"iceandfire:silver_pickaxe":2,"minecraft:iron_axe":1,"minecraft:stone_pickaxe":24,"minecraft:wooden_pickaxe":11,"minecraft:crafting_table":1,"minecraft:furnace":1},"minecraft:picked_up":{"minecraft:crafting_table":1,"minecraft:raw_iron":9,"minecraft:clay_ball":4,"biomesoplenty:dead_log":8,"minecraft:redstone":4,"minecraft:moss_carpet":1,"minecraft:iron_axe":1,"minecraft:coal":20,"iceandfire:raw_silver":3,"minecraft:cobblestone":13,"minecraft:furnace":1},"minecraft:mined":{"minecraft:redstone_ore":1,"minecraft:furnace":1,"iceandfire:silver_ore":3,"minecraft:iron_ore":7,"minecraft:clay":1,"minecraft:crafting_table":1,"biomesoplenty:dead_log":8,"minecraft:coal_ore":11,"minecraft:stone":13}},"DataVersion":3465}