{"stats":{"minecraft:dropped":{"minecraft:wheat_seeds":1,"iceandfire:silver_axe":2,"minecraft:cobblestone":10,"minecraft:leather":2,"minecraft:cobweb":2,"minecraft:dirt":1,"minecraft:packed_ice":4,"minecraft:cornflower":9,"minecraft:mutton":6,"epicfight:stone_greatsword":2,"minecraft:bone_block":2,"minecraft:iron_axe":1,"minecraft:iron_pickaxe":1,"minecraft:bone":3,"minecraft:furnace":1,"tombstone:gift":1,"minecraft:rotten_flesh":20,"biomesoplenty:white_petals":53,"minecraft:chainmail_chestplate":1,"minecraft:gunpowder":3,"minecraft:spider_eye":3,"minecraft:stone_pickaxe":1,"minecraft:arrow":2,"minecraft:beef":1,"iceandfire:silver_pickaxe":1},"minecraft:broken":{"minecraft:iron_chestplate":1,"iceandfire:tide_teal_helmet":1,"minecraft:chainmail_boots":2,"minecraft:shield":1,"minecraft:chainmail_chestplate":1,"epicfight:stone_greatsword":1},"minecraft:killed":{"minecraft:witch":1,"minecraft:spider":9,"dungeonsweaponry:enchanter":2,"iceandfire:dread_beast":1,"minecraft:skeleton":4,"iceandfire:dread_knight":4,"iceandfire:dread_thrall":17,"minecraft:drowned":1,"iceandfire:dread_scuttler":1,"minecraft:pig":11,"minecraft:creeper":3,"minecraft:sheep":4,"minecraft:zombie":16,"iceandfire:ghost":5,"iceandfire:dread_ghoul":14,"minecraft:cow":23,"minecraft:enderman":2},"minecraft:custom":{"minecraft:mob_kills":131,"minecraft:interact_with_crafting_table":32,"minecraft:leave_game":3,"minecraft:time_since_death":2938,"minecraft:climb_one_cm":16526,"minecraft:sprint_one_cm":560815,"minecraft:walk_one_cm":434483,"minecraft:damage_blocked_by_shield":1860,"minecraft:drop":38,"minecraft:damage_dealt_absorbed":320,"minecraft:play_time":122240,"minecraft:deaths":31,"minecraft:sneak_time":1397,"minecraft:walk_under_water_one_cm":10127,"minecraft:jump":2864,"minecraft:walk_on_water_one_cm":34559,"minecraft:total_world_time":122240,"minecraft:interact_with_furnace":24,"tombstone:raider_killed":1,"minecraft:sleep_in_bed":1,"minecraft:time_since_rest":2821,"minecraft:damage_taken":28048,"minecraft:trigger_trapped_chest":3,"minecraft:damage_dealt":32420,"minecraft:swim_one_cm":31638,"minecraft:fly_one_cm":1134155,"minecraft:player_kills":1,"minecraft:open_chest":47,"minecraft:crouch_one_cm":7604,"tombstone:undead_killed":62,"minecraft:fall_one_cm":64511},"minecraft:crafted":{"minecraft:cherry_planks":12,"minecraft:oak_planks":168,"minecraft:furnace":2,"travelersbackpack:white_sleeping_bag":1,"minecraft:ladder":36,"minecraft:stone_pickaxe":2,"minecraft:chest":4,"minecraft:cooked_beef":24,"iceandfire:silver_ingot":4,"minecraft:crafting_table":6,"minecraft:spruce_planks":4,"minecraft:wooden_pickaxe":1,"epicfight:stone_greatsword":3,"minecraft:stone_axe":1,"minecraft:air":0,"biomesoplenty:fir_planks":136,"iceandfire:bestiary":1,"minecraft:white_wool":1,"minecraft:iron_chestplate":1,"minecraft:stick":68,"minecraft:iron_pickaxe":1,"minecraft:iron_ingot":11,"minecraft:wooden_axe":1,"minecraft:stone_sword":1,"minecraft:torch":20,"iceandfire:silver_sword":1,"biomesoplenty:fir_door":3},"minecraft:killed_by":{"iceandfire:dread_beast":1,"minecraft:player":4,"iceandfire:dread_scuttler":2,"dungeonsweaponry:enchanter":1,"iceandfire:dread_thrall":1,"iceandfire:dread_ghoul":11,"iceandfire:dread_knight":5},"minecraft:used":{"minecraft:stone_sword":31,"iceandfire:silver_sword":186,"minecraft:ladder":14,"minecraft:chest":4,"minecraft:shield":30,"dynamictrees:oak_seed":1,"minecraft:cooked_salmon":1,"minecraft:iron_chestplate":1,"minecraft:torch":16,"minecraft:dirt":4,"minecraft:chainmail_chestplate":1,"minecraft:wooden_axe":13,"minecraft:grass_block":1,"epicfight:stone_greatsword":353,"minecraft:furnace":2,"tombstone:gift":4,"minecraft:egg":2,"minecraft:cooked_beef":31,"epicfight:skillbook":4,"minecraft:stone_pickaxe":146,"minecraft:oak_planks":21,"minecraft:wooden_pickaxe":7,"iceandfire:dread_knight_sword":5,"iceandfire:dread_stone_bricks":1,"minecraft:crafting_table":8,"iceandfire:silver_axe":6,"tombstone:bag_of_seeds":2,"minecraft:iron_pickaxe":59,"travelersbackpack:white_sleeping_bag":1,"minecraft:stone_axe":25,"biomesoplenty:fir_door":2,"minecraft:cobblestone":4},"minecraft:picked_up":{"iceandfire:dread_stone_bricks":3,"minecraft:crafting_table":4,"minecraft:chainmail_boots":2,"iceandfire:tide_bronze_leggings":1,"minecraft:wooden_pickaxe":2,"minecraft:enchanted_book":2,"minecraft:shield":1,"iceandfire:tide_teal_helmet":1,"minecraft:cornflower":16,"minecraft:string":8,"biomesoplenty:fir_door":1,"minecraft:iron_axe":1,"minecraft:cooked_salmon":1,"minecraft:blue_orchid":4,"minecraft:beef":46,"iceandfire:dread_knight_sword":1,"iceandfire:dread_shard":93,"dynamictrees:oak_seed":28,"minecraft:iron_pickaxe":1,"minecraft:light_gray_wool":1,"minecraft:sugar_cane":5,"minecraft:furnace":1,"minecraft:egg":4,"minecraft:stick":92,"minecraft:raw_iron":21,"minecraft:torch":10,"iceandfire:dread_sword":1,"epicfight:skillbook":3,"minecraft:porkchop":26,"minecraft:cherry_log":3,"tombstone:grave_dust":17,"minecraft:arrow":2,"minecraft:rotten_flesh":54,"tombstone:essence_of_undeath":1,"biomesoplenty:white_petals":53,"minecraft:mutton":12,"minecraft:bone_block":2,"minecraft:white_wool":3,"minecraft:cobblestone":123,"minecraft:birch_log":3,"iceandfire:silver_axe":3,"iceandfire:tide_bronze_boots":1,"minecraft:cooked_beef":15,"minecraft:andesite":4,"minecraft:leather":21,"biomesoplenty:fir_log":34,"minecraft:oak_log":46,"minecraft:chainmail_chestplate":4,"iceandfire:ectoplasm":2,"iceandfire:dread_stone_bricks_cracked":4,"minecraft:gunpowder":3,"minecraft:dirt":36,"tombstone:gift":2,"iceandfire:tide_bronze_chestplate":1,"minecraft:bone":26,"minecraft:wheat_seeds":2,"minecraft:orange_tulip":3,"minecraft:iron_ingot":3,"dynamictrees:birch_seed":2,"tombstone:bag_of_seeds":1,"minecraft:oak_planks":1,"epicfight:stone_greatsword":1,"minecraft:gravel":1,"minecraft:sand":1,"minecraft:stripped_spruce_log":2,"minecraft:grass_block":1,"minecraft:spider_eye":4,"travelersbackpack:white_sleeping_bag":1,"minecraft:bundle":1,"iceandfire:silver_pickaxe":1,"minecraft:sugar":2,"minecraft:chainmail_leggings":1,"minecraft:chainmail_helmet":3,"minecraft:warped_roots":2,"tombstone:magic_scroll":3,"minecraft:coal":29,"iceandfire:raw_silver":21},"minecraft:mined":{"iceandfire:silver_ore":20,"minecraft:cherry_log":3,"biomesoplenty:bush":1,"minecraft:grass_block":7,"biomesoplenty:white_petals":17,"iceandfire:dread_spawner":13,"travelersbackpack:white_sleeping_bag":1,"minecraft:iron_ore":21,"minecraft:andesite":1,"minecraft:stripped_spruce_log":2,"biomesoplenty:fir_door":1,"iceandfire:dread_stone_bricks_cracked":4,"minecraft:stone":127,"minecraft:crafting_table":4,"minecraft:torch":2,"minecraft:tall_grass":2,"minecraft:sugar_cane":4,"minecraft:oak_planks":1,"minecraft:wall_torch":7,"biomesoplenty:fir_log":31,"minecraft:grass":35,"minecraft:coal_ore":4,"minecraft:gravel":1,"minecraft:sand":1,"minecraft:dirt":15,"dynamictrees:oak_sapling":1,"iceandfire:dread_stone_bricks":3,"minecraft:fern":21}},"DataVersion":3465}