{"stats":{"minecraft:dropped":{"iceandfire:chared_stone":2,"minecraft:oak_slab":26,"minecraft:wheat_seeds":1,"minecraft:lapis_lazuli":12,"minecraft:cooked_beef":17,"iceandfire:silver_axe":3,"minecraft:cobblestone":10,"minecraft:leather":2,"minecraft:cobweb":2,"minecraft:dirt":1,"minecraft:packed_ice":4,"minecraft:cornflower":9,"minecraft:mutton":6,"tombstone:grave_dust":1,"epicfight:stone_greatsword":2,"minecraft:bone_block":2,"minecraft:iron_axe":1,"minecraft:iron_pickaxe":2,"minecraft:bone":3,"minecraft:furnace":1,"minecraft:kelp":2,"tombstone:gift":1,"minecraft:rotten_flesh":35,"iceandfire:dragonbone_sword_ice":1,"minecraft:totem_of_undying":1,"biomesoplenty:white_petals":53,"minecraft:chainmail_chestplate":1,"minecraft:poppy":3,"minecraft:gunpowder":3,"minecraft:brick_stairs":3,"minecraft:andesite":120,"minecraft:spider_eye":3,"minecraft:arrow":2,"minecraft:beef":1,"minecraft:stone_pickaxe":1,"iceandfire:silver_pickaxe":1},"minecraft:broken":{"onlyhammers:stone_hammer":2,"minecraft:iron_chestplate":2,"iceandfire:tide_teal_helmet":1,"minecraft:chainmail_boots":2,"minecraft:shield":1,"minecraft:chainmail_chestplate":1,"iceandfire:earplugs":1,"epicfight:stone_greatsword":1,"iceandfire:tide_bronze_boots":1},"minecraft:killed":{"minecraft:evoker":2,"minecraft:witch":1,"dungeonsweaponry:vanguard":4,"minecraft:spider":11,"dungeonsweaponry:enchanter":3,"iceandfire:dread_beast":1,"minecraft:skeleton":11,"iceandfire:dread_knight":4,"iceandfire:dread_thrall":17,"iceandfire:siren":1,"minecraft:chicken":2,"minecraft:drowned":2,"iceandfire:dread_scuttler":1,"minecraft:pig":11,"dungeonsweaponry:nameless_one":1,"minecraft:creeper":6,"minecraft:sheep":4,"minecraft:zombie":29,"iceandfire:ghost":5,"iceandfire:dread_ghoul":14,"minecraft:enderman":3,"minecraft:cow":23},"minecraft:custom":{"minecraft:mob_kills":169,"minecraft:interact_with_crafting_table":71,"minecraft:open_barrel":2,"minecraft:eat_cake_slice":6,"minecraft:leave_game":5,"minecraft:time_since_death":0,"minecraft:climb_one_cm":38695,"minecraft:sprint_one_cm":978491,"minecraft:walk_one_cm":860136,"minecraft:damage_blocked_by_shield":1860,"minecraft:drop":76,"minecraft:damage_dealt_absorbed":560,"minecraft:play_time":235583,"minecraft:sneak_time":3211,"minecraft:deaths":50,"minecraft:walk_under_water_one_cm":48183,"minecraft:jump":3875,"minecraft:walk_on_water_one_cm":74490,"minecraft:total_world_time":235583,"minecraft:interact_with_furnace":49,"tombstone:raider_killed":3,"minecraft:sleep_in_bed":1,"minecraft:time_since_rest":137,"minecraft:damage_taken":42590,"minecraft:trigger_trapped_chest":5,"minecraft:damage_dealt":45442,"minecraft:player_kills":1,"minecraft:swim_one_cm":99190,"minecraft:open_chest":291,"minecraft:fly_one_cm":1571176,"minecraft:crouch_one_cm":11367,"tombstone:undead_killed":83,"minecraft:fall_one_cm":88697},"minecraft:crafted":{"minecraft:cherry_planks":12,"minecraft:oak_planks":632,"minecraft:stone_shovel":1,"minecraft:furnace":17,"minecraft:stone_button":14,"minecraft:stone":19,"minecraft:heavy_weighted_pressure_plate":1,"travelersbackpack:white_sleeping_bag":1,"minecraft:iron_boots":1,"minecraft:ladder":36,"minecraft:stone_pickaxe":3,"minecraft:chest":47,"minecraft:cooked_beef":24,"minecraft:oak_slab":24,"ironchest:wood_to_iron_chest_upgrade":1,"iceandfire:silver_ingot":21,"minecraft:crafting_table":6,"minecraft:spruce_planks":4,"minecraft:wooden_pickaxe":1,"minecraft:iron_helmet":1,"storagedrawers:oak_full_drawers_1":16,"epicfight:stone_greatsword":3,"iceandfire:earplugs":1,"minecraft:stone_axe":1,"minecraft:air":0,"biomesoplenty:fir_planks":264,"iceandfire:dragonbone":36,"minecraft:iron_chestplate":1,"iceandfire:bestiary":1,"minecraft:white_wool":1,"minecraft:stick":68,"minecraft:iron_ingot":39,"minecraft:iron_pickaxe":2,"minecraft:wooden_axe":1,"minecraft:stone_sword":1,"minecraft:iron_leggings":1,"onlyhammers:stone_hammer":3,"minecraft:torch":116,"iceandfire:silver_sword":1,"biomesoplenty:fir_door":3,"ironchest:iron_chest":1},"minecraft:killed_by":{"iceandfire:dread_beast":1,"minecraft:player":4,"iceandfire:dread_scuttler":2,"iceandfire:siren":1,"dungeonsweaponry:enchanter":1,"iceandfire:dread_thrall":1,"iceandfire:dread_ghoul":11,"iceandfire:dread_knight":5,"iceandfire:fire_dragon":16},"minecraft:used":{"ironchest:wood_to_iron_chest_upgrade":1,"storagedrawers:oak_full_drawers_1":22,"minecraft:stone_sword":31,"iceandfire:silver_sword":186,"dungeonsweaponry:venom_glaive":5,"dungeonsweaponry:power_bow":11,"minecraft:stone_shovel":11,"minecraft:ladder":14,"minecraft:chest":24,"minecraft:shield":30,"dynamictrees:oak_seed":1,"minecraft:cooked_salmon":1,"minecraft:iron_chestplate":2,"minecraft:torch":70,"minecraft:dirt":4,"minecraft:chainmail_chestplate":1,"ironchest:iron_chest":1,"minecraft:wooden_axe":13,"minecraft:grass_block":1,"epicfight:stone_greatsword":353,"minecraft:stone_bricks":1,"minecraft:furnace":17,"tombstone:gift":8,"minecraft:egg":2,"minecraft:cooked_beef":52,"epicfight:skillbook":7,"minecraft:oak_planks":286,"minecraft:stone_pickaxe":221,"iceandfire:dragonbone_sword_ice":125,"minecraft:wooden_pickaxe":7,"iceandfire:dread_knight_sword":22,"iceandfire:dread_stone_bricks":1,"minecraft:crafting_table":9,"iceandfire:dragonforge_ice_input":2,"iceandfire:silver_axe":76,"onlyhammers:stone_hammer":1861,"tombstone:bag_of_seeds":2,"minecraft:iron_pickaxe":122,"travelersbackpack:white_sleeping_bag":1,"minecraft:gravel":1,"minecraft:stone_axe":25,"biomesoplenty:fir_door":2,"minecraft:cobblestone":205,"minecraft:andesite":11},"minecraft:picked_up":{"iceandfire:dread_stone_bricks":3,"minecraft:crafting_table":5,"minecraft:chicken":2,"minecraft:chainmail_boots":2,"minecraft:prismarine_shard":3,"iceandfire:tide_bronze_leggings":1,"minecraft:wooden_pickaxe":2,"minecraft:enchanted_book":2,"minecraft:shield":1,"iceandfire:tide_teal_helmet":1,"minecraft:cornflower":16,"minecraft:string":9,"biomesoplenty:fir_door":1,"minecraft:cooked_salmon":1,"minecraft:raw_copper":24,"minecraft:iron_axe":1,"minecraft:blue_orchid":4,"minecraft:gold_nugget":10,"minecraft:cobbled_deepslate":30,"minecraft:beef":46,"iceandfire:dragonforge_ice_brick":7,"iceandfire:dread_knight_sword":1,"iceandfire:dread_shard":93,"dynamictrees:oak_seed":57,"minecraft:poppy":3,"minecraft:iron_pickaxe":1,"minecraft:light_gray_wool":1,"minecraft:sugar_cane":5,"minecraft:chest":1,"minecraft:furnace":1,"minecraft:egg":4,"minecraft:raw_iron":81,"minecraft:stick":221,"minecraft:torch":25,"iceandfire:dread_sword":1,"epicfight:skillbook":5,"minecraft:porkchop":26,"minecraft:cherry_log":3,"tombstone:grave_dust":21,"minecraft:prismarine_crystals":2,"artifacts:cowboy_hat":1,"minecraft:arrow":17,"minecraft:rotten_flesh":76,"tombstone:essence_of_undeath":1,"minecraft:totem_of_undying":2,"biomesoplenty:white_petals":53,"minecraft:brick_stairs":3,"minecraft:mutton":12,"minecraft:bone_block":2,"minecraft:white_wool":3,"minecraft:cobblestone":1396,"iceandfire:silver_axe":3,"minecraft:birch_log":3,"iceandfire:tide_bronze_boots":1,"minecraft:cooked_beef":15,"minecraft:andesite":327,"minecraft:leather":21,"biomesoplenty:fir_log":66,"minecraft:flint":1,"minecraft:oak_log":158,"minecraft:chainmail_chestplate":4,"iceandfire:ectoplasm":2,"iceandfire:dread_stone_bricks_cracked":4,"minecraft:gunpowder":3,"minecraft:lapis_lazuli":57,"minecraft:dirt":47,"tombstone:gift":2,"iceandfire:dragonbone_sword_ice":2,"iceandfire:tide_bronze_chestplate":1,"minecraft:bone":30,"minecraft:stone_bricks":1,"minecraft:kelp":2,"minecraft:wheat_seeds":2,"minecraft:orange_tulip":3,"minecraft:raw_gold":1,"minecraft:iron_ingot":3,"dynamictrees:birch_seed":2,"tombstone:bag_of_seeds":1,"storagedrawers:oak_full_drawers_1":7,"minecraft:oak_planks":5,"iceandfire:chared_stone":1,"minecraft:oak_slab":28,"epicfight:stone_greatsword":1,"minecraft:dandelion":1,"minecraft:gravel":3,"iceandfire:shiny_scales":1,"minecraft:sand":1,"minecraft:stripped_spruce_log":2,"minecraft:grass_block":1,"minecraft:spider_eye":4,"minecraft:mossy_cobblestone":1,"travelersbackpack:white_sleeping_bag":1,"iceandfire:dragon_bone_block":4,"minecraft:bundle":4,"iceandfire:silver_pickaxe":1,"minecraft:sugar":2,"minecraft:diamond":2,"minecraft:chainmail_leggings":1,"iceandfire:dragonforge_ice_input":2,"minecraft:warped_roots":2,"dungeonsweaponry:glaive":1,"minecraft:chainmail_helmet":3,"minecraft:emerald":1,"tombstone:magic_scroll":4,"minecraft:coal":32,"iceandfire:raw_silver":21,"minecraft:ender_pearl":1},"minecraft:mined":{"iceandfire:graveyard_soil":1,"iceandfire:silver_ore":20,"minecraft:mossy_cobblestone":5,"minecraft:deepslate_diamond_ore":2,"minecraft:cherry_log":3,"biomesoplenty:bush":1,"minecraft:grass_block":7,"biomesoplenty:white_petals":17,"iceandfire:dread_spawner":13,"travelersbackpack:white_sleeping_bag":1,"minecraft:kelp":1,"iceandfire:dragonforge_ice_brick":3,"minecraft:large_fern":1,"minecraft:iron_ore":75,"minecraft:fire":14,"minecraft:andesite":337,"minecraft:stripped_spruce_log":2,"iceandfire:dragon_bone_block":4,"minecraft:deepslate_lapis_ore":1,"biomesoplenty:fir_door":1,"minecraft:vine":1,"minecraft:deepslate_iron_ore":8,"iceandfire:dread_stone_bricks_cracked":4,"minecraft:stone":1366,"iceandfire:chared_cobblestone":1,"minecraft:crafting_table":6,"minecraft:torch":2,"minecraft:emerald_ore":1,"minecraft:chest":1,"minecraft:copper_ore":6,"minecraft:tall_grass":4,"minecraft:cobblestone":90,"minecraft:lapis_ore":5,"minecraft:oak_planks":5,"minecraft:sugar_cane":4,"minecraft:wall_torch":18,"storagedrawers:oak_full_drawers_1":7,"biomesoplenty:fir_log":64,"iceandfire:dragonforge_ice_input":1,"minecraft:grass":42,"minecraft:coal_ore":7,"minecraft:gravel":4,"minecraft:sand":1,"minecraft:dirt":26,"dynamictrees:oak_sapling":1,"minecraft:stone_bricks":1,"minecraft:gold_ore":1,"minecraft:deepslate":30,"iceandfire:dread_stone_bricks":3,"minecraft:fern":22}},"DataVersion":3465}