{"stats":{"minecraft:dropped":{"minecraft:oak_slab":26,"minecraft:wheat_seeds":1,"minecraft:lapis_lazuli":12,"iceandfire:silver_axe":2,"minecraft:cobblestone":10,"minecraft:leather":2,"minecraft:cobweb":2,"minecraft:dirt":1,"minecraft:packed_ice":4,"minecraft:cornflower":9,"minecraft:mutton":6,"tombstone:grave_dust":1,"epicfight:stone_greatsword":2,"minecraft:bone_block":2,"minecraft:iron_axe":1,"minecraft:iron_pickaxe":2,"minecraft:bone":3,"minecraft:furnace":1,"minecraft:kelp":2,"tombstone:gift":1,"minecraft:rotten_flesh":35,"iceandfire:dragonbone_sword_ice":1,"biomesoplenty:white_petals":53,"minecraft:chainmail_chestplate":1,"minecraft:poppy":3,"minecraft:gunpowder":3,"minecraft:brick_stairs":3,"minecraft:spider_eye":3,"minecraft:stone_pickaxe":1,"minecraft:arrow":2,"minecraft:beef":1,"iceandfire:silver_pickaxe":1},"minecraft:broken":{"onlyhammers:stone_hammer":2,"minecraft:iron_chestplate":1,"iceandfire:tide_teal_helmet":1,"minecraft:chainmail_boots":2,"minecraft:shield":1,"minecraft:chainmail_chestplate":1,"epicfight:stone_greatsword":1,"iceandfire:tide_bronze_boots":1},"minecraft:custom":{"minecraft:mob_kills":164,"minecraft:interact_with_crafting_table":56,"minecraft:open_barrel":1,"minecraft:eat_cake_slice":3,"minecraft:leave_game":3,"minecraft:time_since_death":5683,"minecraft:climb_one_cm":32864,"minecraft:sprint_one_cm":829923,"minecraft:walk_one_cm":742151,"minecraft:damage_blocked_by_shield":1860,"minecraft:drop":53,"minecraft:damage_dealt_absorbed":560,"minecraft:play_time":188240,"minecraft:deaths":32,"minecraft:sneak_time":2552,"minecraft:walk_under_water_one_cm":45748,"minecraft:jump":3289,"minecraft:walk_on_water_one_cm":60649,"minecraft:total_world_time":188240,"minecraft:interact_with_furnace":39,"tombstone:raider_killed":3,"minecraft:sleep_in_bed":1,"minecraft:time_since_rest":5300,"minecraft:damage_taken":29709,"minecraft:trigger_trapped_chest":4,"minecraft:damage_dealt":40725,"minecraft:swim_one_cm":97963,"minecraft:fly_one_cm":1299603,"minecraft:player_kills":1,"minecraft:open_chest":172,"minecraft:crouch_one_cm":9322,"tombstone:undead_killed":80,"minecraft:fall_one_cm":72257},"minecraft:killed":{"minecraft:evoker":2,"minecraft:witch":1,"dungeonsweaponry:vanguard":4,"minecraft:spider":11,"dungeonsweaponry:enchanter":3,"iceandfire:dread_beast":1,"minecraft:skeleton":9,"iceandfire:dread_knight":4,"iceandfire:dread_thrall":17,"iceandfire:siren":1,"minecraft:drowned":2,"iceandfire:dread_scuttler":1,"minecraft:pig":11,"dungeonsweaponry:nameless_one":1,"minecraft:creeper":6,"minecraft:sheep":4,"minecraft:zombie":28,"iceandfire:ghost":5,"iceandfire:dread_ghoul":14,"minecraft:cow":23,"minecraft:enderman":3},"minecraft:crafted":{"minecraft:cherry_planks":12,"minecraft:oak_planks":632,"minecraft:stone_shovel":1,"minecraft:furnace":17,"minecraft:stone_button":2,"minecraft:stone":8,"minecraft:heavy_weighted_pressure_plate":1,"travelersbackpack:white_sleeping_bag":1,"minecraft:ladder":36,"minecraft:stone_pickaxe":3,"minecraft:chest":47,"minecraft:cooked_beef":24,"minecraft:oak_slab":24,"iceandfire:silver_ingot":21,"minecraft:crafting_table":6,"minecraft:spruce_planks":4,"minecraft:wooden_pickaxe":1,"storagedrawers:oak_full_drawers_1":16,"iceandfire:earplugs":1,"epicfight:stone_greatsword":3,"minecraft:stone_axe":1,"minecraft:air":0,"biomesoplenty:fir_planks":264,"iceandfire:dragonbone":36,"iceandfire:bestiary":1,"minecraft:white_wool":1,"minecraft:iron_chestplate":1,"minecraft:stick":68,"minecraft:iron_pickaxe":1,"minecraft:iron_ingot":31,"minecraft:wooden_axe":1,"minecraft:stone_sword":1,"onlyhammers:stone_hammer":3,"minecraft:torch":116,"iceandfire:silver_sword":1,"biomesoplenty:fir_door":3},"minecraft:killed_by":{"iceandfire:dread_beast":1,"minecraft:player":4,"iceandfire:dread_scuttler":2,"iceandfire:siren":1,"dungeonsweaponry:enchanter":1,"iceandfire:dread_thrall":1,"iceandfire:dread_ghoul":11,"iceandfire:dread_knight":5},"minecraft:used":{"storagedrawers:oak_full_drawers_1":22,"dungeonsweaponry:venom_glaive":5,"minecraft:stone_sword":31,"iceandfire:silver_sword":186,"minecraft:stone_shovel":11,"minecraft:ladder":14,"minecraft:chest":24,"minecraft:shield":30,"dynamictrees:oak_seed":1,"minecraft:cooked_salmon":1,"minecraft:iron_chestplate":1,"minecraft:torch":69,"minecraft:dirt":4,"minecraft:chainmail_chestplate":1,"minecraft:wooden_axe":13,"minecraft:grass_block":1,"epicfight:stone_greatsword":353,"minecraft:stone_bricks":1,"minecraft:furnace":17,"tombstone:gift":8,"minecraft:egg":2,"minecraft:cooked_beef":46,"epicfight:skillbook":6,"minecraft:stone_pickaxe":221,"minecraft:oak_planks":286,"iceandfire:dragonbone_sword_ice":66,"minecraft:wooden_pickaxe":7,"iceandfire:dread_knight_sword":22,"iceandfire:dread_stone_bricks":1,"minecraft:crafting_table":9,"iceandfire:dragonforge_ice_input":1,"iceandfire:silver_axe":75,"onlyhammers:stone_hammer":1344,"tombstone:bag_of_seeds":2,"minecraft:iron_pickaxe":82,"travelersbackpack:white_sleeping_bag":1,"minecraft:gravel":1,"minecraft:stone_axe":25,"biomesoplenty:fir_door":2,"minecraft:cobblestone":205},"minecraft:picked_up":{"iceandfire:dread_stone_bricks":3,"minecraft:crafting_table":5,"minecraft:chainmail_boots":2,"minecraft:prismarine_shard":3,"iceandfire:tide_bronze_leggings":1,"minecraft:wooden_pickaxe":2,"minecraft:enchanted_book":2,"minecraft:shield":1,"iceandfire:tide_teal_helmet":1,"minecraft:cornflower":16,"minecraft:string":9,"biomesoplenty:fir_door":1,"minecraft:raw_copper":22,"minecraft:iron_axe":1,"minecraft:cooked_salmon":1,"minecraft:blue_orchid":4,"iceandfire:dragonforge_ice_brick":7,"minecraft:beef":46,"iceandfire:dread_knight_sword":1,"iceandfire:dread_shard":93,"minecraft:poppy":3,"dynamictrees:oak_seed":57,"minecraft:iron_pickaxe":1,"minecraft:light_gray_wool":1,"minecraft:sugar_cane":5,"minecraft:furnace":1,"minecraft:egg":4,"minecraft:stick":221,"minecraft:raw_iron":31,"minecraft:torch":24,"iceandfire:dread_sword":1,"epicfight:skillbook":5,"minecraft:porkchop":26,"minecraft:cherry_log":3,"tombstone:grave_dust":21,"minecraft:prismarine_crystals":2,"artifacts:cowboy_hat":1,"minecraft:arrow":6,"minecraft:rotten_flesh":74,"minecraft:totem_of_undying":2,"tombstone:essence_of_undeath":1,"biomesoplenty:white_petals":53,"minecraft:brick_stairs":3,"minecraft:mutton":12,"minecraft:bone_block":2,"minecraft:white_wool":3,"minecraft:cobblestone":1337,"minecraft:birch_log":3,"iceandfire:silver_axe":3,"iceandfire:tide_bronze_boots":1,"minecraft:cooked_beef":15,"minecraft:andesite":4,"minecraft:leather":21,"biomesoplenty:fir_log":66,"minecraft:oak_log":158,"minecraft:chainmail_chestplate":4,"iceandfire:ectoplasm":2,"iceandfire:dread_stone_bricks_cracked":4,"minecraft:gunpowder":3,"minecraft:lapis_lazuli":33,"minecraft:dirt":47,"tombstone:gift":2,"iceandfire:dragonbone_sword_ice":2,"iceandfire:tide_bronze_chestplate":1,"minecraft:bone":28,"minecraft:stone_bricks":1,"minecraft:kelp":2,"minecraft:wheat_seeds":2,"minecraft:orange_tulip":3,"minecraft:iron_ingot":3,"dynamictrees:birch_seed":2,"tombstone:bag_of_seeds":1,"storagedrawers:oak_full_drawers_1":7,"minecraft:oak_planks":5,"minecraft:oak_slab":2,"epicfight:stone_greatsword":1,"iceandfire:shiny_scales":1,"minecraft:dandelion":1,"minecraft:gravel":2,"minecraft:sand":1,"minecraft:stripped_spruce_log":2,"minecraft:grass_block":1,"minecraft:spider_eye":4,"iceandfire:dragon_bone_block":4,"travelersbackpack:white_sleeping_bag":1,"minecraft:bundle":4,"iceandfire:silver_pickaxe":1,"minecraft:sugar":2,"minecraft:chainmail_leggings":1,"iceandfire:dragonforge_ice_input":2,"dungeonsweaponry:glaive":1,"minecraft:chainmail_helmet":3,"minecraft:warped_roots":2,"tombstone:magic_scroll":4,"minecraft:coal":29,"iceandfire:raw_silver":21,"minecraft:ender_pearl":1},"minecraft:mined":{"iceandfire:silver_ore":20,"minecraft:cherry_log":3,"biomesoplenty:bush":1,"minecraft:grass_block":7,"biomesoplenty:white_petals":17,"iceandfire:dread_spawner":13,"travelersbackpack:white_sleeping_bag":1,"minecraft:kelp":1,"iceandfire:dragonforge_ice_brick":3,"minecraft:iron_ore":32,"minecraft:andesite":1,"minecraft:stripped_spruce_log":2,"iceandfire:dragon_bone_block":4,"biomesoplenty:fir_door":1,"iceandfire:dread_stone_bricks_cracked":4,"minecraft:stone":1306,"minecraft:crafting_table":6,"minecraft:torch":2,"minecraft:copper_ore":5,"minecraft:cobblestone":86,"minecraft:tall_grass":3,"minecraft:lapis_ore":2,"minecraft:sugar_cane":4,"minecraft:oak_planks":5,"minecraft:wall_torch":17,"storagedrawers:oak_full_drawers_1":7,"biomesoplenty:fir_log":64,"iceandfire:dragonforge_ice_input":1,"minecraft:grass":38,"minecraft:coal_ore":4,"minecraft:gravel":2,"minecraft:sand":1,"minecraft:dirt":26,"dynamictrees:oak_sapling":1,"minecraft:stone_bricks":1,"iceandfire:dread_stone_bricks":3,"minecraft:fern":22}},"DataVersion":3465}