{"stats":{"minecraft:dropped":{"minecraft:furnace":1,"minecraft:wheat_seeds":1,"iceandfire:silver_axe":2,"tombstone:gift":1,"minecraft:rotten_flesh":9,"minecraft:leather":2,"biomesoplenty:white_petals":53,"minecraft:spider_eye":1,"minecraft:iron_axe":1,"minecraft:beef":1,"iceandfire:silver_pickaxe":1},"minecraft:killed":{"minecraft:pig":5,"minecraft:spider":7,"dungeonsweaponry:enchanter":2,"minecraft:creeper":1,"minecraft:skeleton":1,"minecraft:zombie":8,"iceandfire:ghost":3,"minecraft:drowned":1,"minecraft:cow":10},"minecraft:custom":{"minecraft:interact_with_furnace":14,"minecraft:mob_kills":40,"minecraft:interact_with_crafting_table":23,"minecraft:leave_game":2,"minecraft:time_since_death":15453,"minecraft:climb_one_cm":10619,"minecraft:time_since_rest":15298,"minecraft:sprint_one_cm":331060,"minecraft:damage_taken":9216,"minecraft:walk_one_cm":269378,"minecraft:trigger_trapped_chest":3,"minecraft:drop":20,"minecraft:damage_dealt":6649,"minecraft:damage_dealt_absorbed":320,"minecraft:swim_one_cm":30115,"minecraft:fly_one_cm":624012,"minecraft:player_kills":1,"minecraft:open_chest":8,"minecraft:play_time":76591,"minecraft:crouch_one_cm":7433,"tombstone:undead_killed":13,"minecraft:deaths":7,"minecraft:sneak_time":1235,"minecraft:walk_under_water_one_cm":9876,"minecraft:jump":1562,"minecraft:walk_on_water_one_cm":13033,"minecraft:total_world_time":76591,"minecraft:fall_one_cm":33715},"minecraft:crafted":{"minecraft:cherry_planks":12,"minecraft:oak_planks":168,"iceandfire:silver_ingot":4,"minecraft:crafting_table":6,"minecraft:spruce_planks":4,"minecraft:wooden_pickaxe":1,"minecraft:furnace":2,"epicfight:stone_greatsword":1,"minecraft:stone_axe":1,"minecraft:air":0,"biomesoplenty:fir_planks":136,"minecraft:white_wool":1,"minecraft:ladder":36,"minecraft:stick":68,"minecraft:iron_pickaxe":1,"minecraft:iron_ingot":2,"minecraft:stone_pickaxe":2,"minecraft:wooden_axe":1,"minecraft:stone_sword":1,"minecraft:chest":4,"minecraft:torch":20,"iceandfire:silver_sword":1,"biomesoplenty:fir_door":3},"minecraft:killed_by":{"minecraft:player":3,"dungeonsweaponry:enchanter":1},"minecraft:used":{"epicfight:skillbook":2,"minecraft:stone_sword":31,"iceandfire:silver_sword":6,"minecraft:oak_planks":21,"minecraft:stone_pickaxe":141,"minecraft:ladder":14,"minecraft:chest":4,"minecraft:wooden_pickaxe":7,"minecraft:cooked_salmon":1,"dynamictrees:oak_seed":1,"minecraft:torch":16,"minecraft:dirt":1,"minecraft:crafting_table":8,"iceandfire:silver_axe":6,"minecraft:wooden_axe":13,"epicfight:stone_greatsword":85,"minecraft:stone_axe":25,"biomesoplenty:fir_door":2,"minecraft:cobblestone":4,"minecraft:furnace":2,"tombstone:gift":1,"minecraft:egg":1,"minecraft:cooked_beef":15},"minecraft:picked_up":{"iceandfire:silver_axe":3,"minecraft:crafting_table":4,"minecraft:cooked_beef":15,"minecraft:andesite":2,"minecraft:leather":12,"minecraft:wooden_pickaxe":2,"biomesoplenty:fir_log":34,"minecraft:enchanted_book":1,"minecraft:oak_log":46,"minecraft:dirt":33,"minecraft:string":6,"biomesoplenty:fir_door":1,"tombstone:gift":1,"minecraft:iron_axe":1,"minecraft:cooked_salmon":1,"minecraft:wheat_seeds":1,"minecraft:beef":18,"dynamictrees:oak_seed":28,"minecraft:sugar_cane":5,"minecraft:oak_planks":1,"minecraft:furnace":1,"minecraft:egg":2,"minecraft:stick":69,"minecraft:raw_iron":8,"minecraft:torch":10,"minecraft:gravel":1,"epicfight:skillbook":1,"minecraft:porkchop":11,"minecraft:sand":1,"minecraft:cherry_log":3,"minecraft:stripped_spruce_log":2,"tombstone:grave_dust":3,"minecraft:spider_eye":1,"minecraft:bundle":1,"iceandfire:silver_pickaxe":1,"minecraft:rotten_flesh":18,"biomesoplenty:white_petals":53,"minecraft:coal":29,"iceandfire:raw_silver":8,"minecraft:cobblestone":121},"minecraft:mined":{"iceandfire:silver_ore":7,"minecraft:cherry_log":3,"minecraft:torch":2,"minecraft:crafting_table":4,"biomesoplenty:bush":1,"minecraft:grass_block":5,"biomesoplenty:white_petals":17,"minecraft:tall_grass":2,"minecraft:oak_planks":1,"minecraft:sugar_cane":4,"minecraft:wall_torch":7,"minecraft:iron_ore":8,"minecraft:stripped_spruce_log":2,"biomesoplenty:fir_log":31,"minecraft:grass":29,"biomesoplenty:fir_door":1,"minecraft:coal_ore":4,"minecraft:gravel":1,"minecraft:sand":1,"minecraft:dirt":15,"dynamictrees:oak_sapling":1,"minecraft:stone":125,"minecraft:fern":16}},"DataVersion":3465}