{"stats":{"minecraft:mined":{"iceandfire:graveyard_soil":1,"minecraft:cherry_log":3,"minecraft:grass_block":7,"iceandfire:dread_spawner":13,"minecraft:iron_ore":76,"minecraft:fire":23,"minecraft:deepslate_lapis_ore":1,"iceandfire:dread_stone_bricks_cracked":4,"iceandfire:chared_cobblestone":5,"minecraft:deepslate_redstone_ore":6,"minecraft:torch":2,"minecraft:chest":1,"minecraft:cobblestone":90,"minecraft:sugar_cane":4,"minecraft:oak_planks":5,"minecraft:wall_torch":20,"storagedrawers:oak_full_drawers_1":7,"biomesoplenty:fir_log":64,"iceandfire:dragonforge_ice_input":1,"minecraft:grass":42,"minecraft:sand":1,"minecraft:dirt":26,"iceandfire:dread_stone_bricks":3,"minecraft:deepslate":35,"iceandfire:chared_stone":6,"minecraft:diamond_ore":1,"iceandfire:silver_ore":20,"minecraft:mossy_cobblestone":5,"minecraft:deepslate_diamond_ore":5,"biomesoplenty:bush":1,"biomesoplenty:white_petals":17,"travelersbackpack:white_sleeping_bag":1,"minecraft:kelp":1,"iceandfire:dragonforge_ice_brick":3,"minecraft:large_fern":1,"minecraft:andesite":337,"minecraft:stripped_spruce_log":2,"iceandfire:dragon_bone_block":4,"biomesoplenty:fir_door":1,"minecraft:deepslate_iron_ore":8,"minecraft:vine":1,"minecraft:stone":1367,"minecraft:crafting_table":6,"minecraft:emerald_ore":6,"minecraft:tall_grass":4,"minecraft:copper_ore":6,"minecraft:lapis_ore":6,"minecraft:deepslate_gold_ore":10,"minecraft:coal_ore":7,"minecraft:gravel":4,"dynamictrees:oak_sapling":1,"minecraft:stone_bricks":1,"minecraft:gold_ore":1,"minecraft:fern":22},"minecraft:used":{"dungeonsweaponry:venom_glaive":5,"iceandfire:dragon_skull_ice":4,"minecraft:ladder":14,"minecraft:chest":24,"minecraft:shield":30,"minecraft:iron_chestplate":2,"ironchest:iron_chest":1,"iceandfire:dragonegg_green":2,"minecraft:grass_block":1,"minecraft:stone_bricks":1,"minecraft:furnace":17,"minecraft:egg":2,"epicfight:skillbook":7,"minecraft:stone_pickaxe":221,"minecraft:oak_planks":286,"iceandfire:dragonbone_sword_ice":138,"minecraft:wooden_pickaxe":7,"iceandfire:dread_stone_bricks":1,"iceandfire:dragonforge_ice_input":2,"iceandfire:silver_axe":76,"onlyhammers:stone_hammer":1861,"minecraft:gravel":1,"minecraft:andesite":35,"ironchest:wood_to_iron_chest_upgrade":1,"storagedrawers:oak_full_drawers_1":22,"minecraft:stone_sword":31,"iceandfire:silver_sword":186,"dungeonsweaponry:power_bow":11,"minecraft:stone_shovel":11,"dynamictrees:oak_seed":1,"minecraft:cooked_salmon":1,"minecraft:torch":72,"minecraft:dirt":4,"minecraft:chainmail_chestplate":1,"minecraft:wooden_axe":13,"epicfight:stone_greatsword":353,"minecraft:beef":4,"tombstone:gift":8,"minecraft:cooked_beef":54,"minecraft:cobbled_deepslate":21,"iceandfire:dread_knight_sword":22,"minecraft:crafting_table":9,"tombstone:bag_of_seeds":2,"minecraft:iron_pickaxe":166,"travelersbackpack:white_sleeping_bag":1,"minecraft:stone_axe":25,"minecraft:cobblestone":205,"biomesoplenty:fir_door":2},"minecraft:broken":{"minecraft:iron_boots":1,"minecraft:iron_chestplate":2,"minecraft:iron_leggings":1,"minecraft:chainmail_boots":2,"minecraft:chainmail_chestplate":1,"iceandfire:tide_bronze_boots":1,"onlyhammers:stone_hammer":2,"iceandfire:tide_teal_helmet":1,"minecraft:shield":1,"iceandfire:earplugs":1,"minecraft:iron_helmet":1,"epicfight:stone_greatsword":1},"minecraft:dropped":{"iceandfire:chared_stone":2,"iceandfire:raw_silver":1,"minecraft:lapis_lazuli":12,"minecraft:cooked_beef":17,"iceandfire:silver_axe":3,"iceandfire:armor_bronze_helmet":1,"minecraft:leather":2,"minecraft:flint":1,"minecraft:dirt":1,"minecraft:packed_ice":4,"minecraft:cornflower":9,"minecraft:mutton":6,"minecraft:chain":2,"minecraft:bone_block":2,"minecraft:iron_pickaxe":2,"minecraft:bone":3,"minecraft:gravel":1,"minecraft:cobbled_deepslate":13,"tombstone:gift":1,"minecraft:rotten_flesh":35,"biomesoplenty:white_petals":53,"minecraft:chainmail_chestplate":1,"minecraft:poppy":3,"minecraft:gunpowder":3,"minecraft:brick_stairs":3,"minecraft:arrow":2,"minecraft:beef":1,"iceandfire:armor_bronze_leggings":1,"iceandfire:silver_pickaxe":1,"minecraft:oak_slab":26,"minecraft:wheat_seeds":1,"minecraft:mossy_cobblestone":1,"minecraft:cobblestone":53,"minecraft:coal":3,"minecraft:cobweb":2,"tombstone:grave_dust":1,"epicfight:stone_greatsword":2,"minecraft:iron_axe":1,"minecraft:furnace":1,"minecraft:kelp":2,"iceandfire:armor_bronze_boots":1,"iceandfire:dragonbone_sword_ice":1,"iceandfire:armor_bronze_chestplate":1,"minecraft:totem_of_undying":1,"minecraft:andesite":225,"minecraft:spider_eye":3,"minecraft:stone_pickaxe":1},"minecraft:killed":{"minecraft:witch":1,"minecraft:spider":11,"dungeonsweaponry:enchanter":3,"minecraft:skeleton":12,"minecraft:chicken":2,"iceandfire:dread_scuttler":1,"minecraft:pig":11,"dungeonsweaponry:nameless_one":1,"minecraft:creeper":6,"minecraft:sheep":4,"minecraft:zombie":30,"iceandfire:dread_ghoul":14,"minecraft:cow":23,"minecraft:evoker":2,"dungeonsweaponry:vanguard":4,"iceandfire:dread_beast":1,"iceandfire:dread_knight":4,"iceandfire:dread_thrall":17,"iceandfire:fire_dragon":1,"iceandfire:siren":1,"minecraft:drowned":2,"iceandfire:ghost":5,"minecraft:enderman":3},"minecraft:killed_by":{"iceandfire:siren":1,"dungeonsweaponry:enchanter":1,"iceandfire:dread_ghoul":11,"iceandfire:fire_dragon":19,"minecraft:player":4,"iceandfire:dread_beast":1,"iceandfire:dread_scuttler":2,"iceandfire:dread_thrall":1,"iceandfire:dread_knight":5},"minecraft:crafted":{"minecraft:oak_planks":632,"minecraft:stone":19,"minecraft:heavy_weighted_pressure_plate":1,"minecraft:iron_boots":1,"minecraft:chest":47,"minecraft:oak_slab":24,"minecraft:cooked_porkchop":15,"minecraft:crafting_table":6,"minecraft:spruce_planks":4,"minecraft:wooden_pickaxe":1,"minecraft:iron_helmet":1,"storagedrawers:oak_full_drawers_1":16,"iceandfire:earplugs":1,"biomesoplenty:fir_planks":264,"minecraft:iron_chestplate":1,"minecraft:stick":68,"minecraft:iron_ingot":50,"minecraft:iron_pickaxe":2,"minecraft:stone_sword":1,"iceandfire:dragon_horn":1,"onlyhammers:stone_hammer":3,"iceandfire:armor_bronze_helmet":2,"iceandfire:silver_sword":1,"biomesoplenty:fir_door":3,"minecraft:cherry_planks":12,"minecraft:stone_shovel":1,"minecraft:furnace":17,"minecraft:stone_button":14,"travelersbackpack:white_sleeping_bag":1,"minecraft:ladder":36,"minecraft:stone_pickaxe":3,"iceandfire:armor_bronze_chestplate":2,"minecraft:cooked_beef":24,"ironchest:wood_to_iron_chest_upgrade":1,"iceandfire:silver_ingot":21,"iceandfire:armor_bronze_boots":2,"iceandfire:dragon_meal":13,"epicfight:stone_greatsword":3,"minecraft:stone_axe":1,"minecraft:air":0,"iceandfire:dragonbone":36,"iceandfire:bestiary":1,"minecraft:white_wool":1,"minecraft:wooden_axe":1,"minecraft:iron_leggings":1,"iceandfire:armor_bronze_leggings":2,"minecraft:torch":116,"ironchest:iron_chest":1},"minecraft:custom":{"minecraft:interact_with_crafting_table":81,"minecraft:open_barrel":12,"minecraft:eat_cake_slice":6,"minecraft:leave_game":5,"minecraft:time_since_death":21616,"minecraft:sprint_one_cm":1062020,"minecraft:damage_blocked_by_shield":1860,"minecraft:drop":94,"minecraft:play_time":263223,"minecraft:deaths":54,"minecraft:jump":4199,"minecraft:walk_on_water_one_cm":87980,"minecraft:interact_with_furnace":67,"minecraft:sleep_in_bed":1,"minecraft:damage_dealt":46700,"minecraft:player_kills":1,"minecraft:crouch_one_cm":14012,"tombstone:undead_killed":85,"minecraft:mob_kills":172,"minecraft:climb_one_cm":54338,"minecraft:walk_one_cm":941111,"minecraft:damage_dealt_absorbed":560,"minecraft:sneak_time":3959,"minecraft:walk_under_water_one_cm":52494,"minecraft:total_world_time":263223,"tombstone:raider_killed":3,"minecraft:time_since_rest":21393,"minecraft:damage_taken":47103,"minecraft:trigger_trapped_chest":5,"minecraft:swim_one_cm":103411,"minecraft:fly_one_cm":1670326,"minecraft:open_chest":333,"minecraft:fall_one_cm":98833},"minecraft:picked_up":{"iceandfire:dread_stone_bricks":3,"minecraft:chainmail_boots":2,"minecraft:prismarine_shard":3,"minecraft:enchanted_book":2,"iceandfire:tide_teal_helmet":1,"minecraft:string":9,"minecraft:raw_copper":24,"minecraft:cooked_salmon":1,"minecraft:gold_nugget":34,"minecraft:cobbled_deepslate":42,"biomesoplenty:fir_planks":20,"iceandfire:dragonforge_ice_brick":7,"dynamictrees:oak_seed":57,"minecraft:iron_pickaxe":1,"minecraft:furnace":1,"minecraft:stick":221,"minecraft:torch":27,"iceandfire:dread_sword":1,"epicfight:skillbook":7,"minecraft:porkchop":26,"minecraft:cherry_log":3,"tombstone:grave_dust":21,"minecraft:rotten_flesh":80,"iceandfire:fire_dragon_heart":1,"biomesoplenty:white_petals":53,"minecraft:cobblestone":1397,"minecraft:birch_log":3,"iceandfire:tide_bronze_boots":1,"minecraft:cooked_beef":15,"minecraft:andesite":328,"biomesoplenty:fir_log":66,"minecraft:flint":1,"iceandfire:dragonscales_bronze":97,"minecraft:lapis_lazuli":62,"minecraft:dirt":47,"iceandfire:dragonbone_sword_ice":2,"iceandfire:tide_bronze_chestplate":1,"minecraft:bone":32,"minecraft:orange_tulip":3,"minecraft:wheat_seeds":2,"minecraft:raw_gold":11,"minecraft:oak_planks":5,"minecraft:sand":1,"iceandfire:shiny_scales":1,"minecraft:stripped_spruce_log":2,"minecraft:grass_block":1,"minecraft:mossy_cobblestone":2,"iceandfire:dragon_bone_block":4,"iceandfire:chared_cobblestone":3,"travelersbackpack:white_sleeping_bag":1,"minecraft:bundle":4,"minecraft:sugar":2,"minecraft:diamond":6,"minecraft:emerald":5,"minecraft:chainmail_helmet":3,"iceandfire:raw_silver":22,"minecraft:crafting_table":5,"minecraft:chicken":2,"iceandfire:tide_bronze_leggings":1,"minecraft:wooden_pickaxe":2,"minecraft:shield":1,"minecraft:cornflower":16,"biomesoplenty:fir_door":1,"minecraft:iron_axe":1,"minecraft:blue_orchid":4,"minecraft:beef":46,"iceandfire:dread_knight_sword":1,"iceandfire:dread_shard":93,"minecraft:poppy":3,"minecraft:light_gray_wool":1,"minecraft:sugar_cane":5,"minecraft:chest":1,"minecraft:egg":4,"minecraft:raw_iron":82,"iceandfire:dragonbone":31,"minecraft:redstone":26,"minecraft:prismarine_crystals":2,"iceandfire:dragon_skull_ice":3,"minecraft:arrow":17,"artifacts:cowboy_hat":1,"minecraft:totem_of_undying":2,"tombstone:essence_of_undeath":1,"minecraft:brick_stairs":3,"minecraft:mutton":12,"minecraft:white_wool":3,"minecraft:bone_block":2,"iceandfire:silver_axe":3,"iceandfire:dragonegg_green":2,"minecraft:leather":21,"minecraft:oak_log":158,"minecraft:chainmail_chestplate":4,"iceandfire:ectoplasm":2,"iceandfire:dread_stone_bricks_cracked":4,"minecraft:gunpowder":3,"tombstone:gift":2,"minecraft:stone_bricks":1,"minecraft:kelp":2,"minecraft:iron_ingot":3,"dynamictrees:birch_seed":2,"tombstone:bag_of_seeds":1,"storagedrawers:oak_full_drawers_1":7,"iceandfire:fire_dragon_flesh":7,"iceandfire:chared_stone":7,"minecraft:oak_slab":28,"epicfight:stone_greatsword":1,"minecraft:dandelion":1,"minecraft:gravel":3,"minecraft:spider_eye":4,"iceandfire:silver_pickaxe":1,"minecraft:chainmail_leggings":1,"iceandfire:dragonforge_ice_input":2,"dungeonsweaponry:glaive":1,"minecraft:warped_roots":2,"tombstone:magic_scroll":4,"minecraft:coal":32,"minecraft:ender_pearl":1}},"DataVersion":3465}