{"stats":{"minecraft:dropped":{"minecraft:furnace":1,"minecraft:wheat_seeds":1,"iceandfire:silver_axe":2,"tombstone:gift":1,"minecraft:rotten_flesh":9,"minecraft:leather":2,"biomesoplenty:white_petals":53,"minecraft:dirt":1,"minecraft:spider_eye":1,"minecraft:iron_axe":1,"minecraft:beef":1,"minecraft:bone":2,"iceandfire:silver_pickaxe":1},"minecraft:killed":{"minecraft:pig":9,"minecraft:witch":1,"minecraft:spider":9,"dungeonsweaponry:enchanter":2,"minecraft:creeper":3,"minecraft:sheep":3,"minecraft:skeleton":3,"minecraft:zombie":12,"iceandfire:ghost":5,"minecraft:drowned":1,"minecraft:enderman":2,"minecraft:cow":15},"minecraft:custom":{"minecraft:interact_with_furnace":21,"minecraft:mob_kills":67,"tombstone:raider_killed":1,"minecraft:interact_with_crafting_table":30,"minecraft:sleep_in_bed":1,"minecraft:leave_game":2,"minecraft:time_since_death":6980,"minecraft:climb_one_cm":16526,"minecraft:time_since_rest":6619,"minecraft:sprint_one_cm":408771,"minecraft:damage_taken":11704,"minecraft:walk_one_cm":311242,"minecraft:trigger_trapped_chest":3,"minecraft:drop":22,"minecraft:damage_dealt":10799,"minecraft:damage_dealt_absorbed":320,"minecraft:swim_one_cm":30115,"minecraft:fly_one_cm":808943,"minecraft:player_kills":1,"minecraft:open_chest":14,"minecraft:play_time":88591,"minecraft:crouch_one_cm":7433,"tombstone:undead_killed":21,"minecraft:deaths":8,"minecraft:sneak_time":1239,"minecraft:walk_under_water_one_cm":9876,"minecraft:jump":2002,"minecraft:walk_on_water_one_cm":18969,"minecraft:total_world_time":88591,"minecraft:fall_one_cm":45197},"minecraft:crafted":{"minecraft:cooked_beef":1,"minecraft:cherry_planks":12,"minecraft:oak_planks":168,"iceandfire:silver_ingot":4,"minecraft:crafting_table":6,"minecraft:spruce_planks":4,"minecraft:wooden_pickaxe":1,"minecraft:furnace":2,"epicfight:stone_greatsword":3,"minecraft:stone_axe":1,"minecraft:air":0,"biomesoplenty:fir_planks":136,"travelersbackpack:white_sleeping_bag":1,"minecraft:iron_chestplate":1,"minecraft:white_wool":1,"minecraft:ladder":36,"minecraft:stick":68,"minecraft:iron_pickaxe":1,"minecraft:iron_ingot":11,"minecraft:stone_pickaxe":2,"minecraft:wooden_axe":1,"minecraft:stone_sword":1,"minecraft:chest":4,"minecraft:torch":20,"iceandfire:silver_sword":1,"biomesoplenty:fir_door":3},"minecraft:killed_by":{"minecraft:player":3,"dungeonsweaponry:enchanter":1},"minecraft:used":{"epicfight:skillbook":4,"minecraft:stone_sword":31,"iceandfire:silver_sword":10,"minecraft:oak_planks":21,"minecraft:stone_pickaxe":146,"minecraft:ladder":14,"minecraft:chest":4,"minecraft:wooden_pickaxe":7,"minecraft:cooked_salmon":1,"dynamictrees:oak_seed":1,"minecraft:torch":16,"minecraft:dirt":3,"minecraft:crafting_table":8,"iceandfire:silver_axe":6,"minecraft:wooden_axe":13,"minecraft:iron_pickaxe":4,"minecraft:grass_block":1,"travelersbackpack:white_sleeping_bag":1,"epicfight:stone_greatsword":143,"minecraft:stone_axe":25,"biomesoplenty:fir_door":2,"minecraft:cobblestone":4,"minecraft:furnace":2,"tombstone:gift":1,"minecraft:egg":1,"minecraft:cooked_beef":22},"minecraft:picked_up":{"minecraft:birch_log":3,"iceandfire:silver_axe":3,"minecraft:crafting_table":4,"minecraft:cooked_beef":15,"minecraft:andesite":4,"minecraft:leather":15,"minecraft:wooden_pickaxe":2,"biomesoplenty:fir_log":34,"minecraft:enchanted_book":1,"minecraft:oak_log":46,"iceandfire:ectoplasm":2,"minecraft:gunpowder":3,"minecraft:cornflower":9,"minecraft:dirt":35,"minecraft:string":8,"biomesoplenty:fir_door":1,"tombstone:gift":1,"minecraft:iron_axe":1,"minecraft:cooked_salmon":1,"minecraft:bone":3,"minecraft:wheat_seeds":1,"minecraft:beef":29,"dynamictrees:birch_seed":2,"tombstone:bag_of_seeds":1,"minecraft:light_gray_wool":1,"dynamictrees:oak_seed":28,"minecraft:sugar_cane":5,"minecraft:oak_planks":1,"minecraft:furnace":1,"minecraft:egg":3,"minecraft:stick":92,"minecraft:raw_iron":16,"minecraft:torch":10,"minecraft:gravel":1,"epicfight:skillbook":3,"minecraft:porkchop":20,"minecraft:sand":1,"minecraft:cherry_log":3,"minecraft:stripped_spruce_log":2,"tombstone:grave_dust":7,"minecraft:arrow":2,"minecraft:grass_block":1,"travelersbackpack:white_sleeping_bag":1,"minecraft:spider_eye":3,"minecraft:bundle":1,"iceandfire:silver_pickaxe":1,"minecraft:sugar":2,"minecraft:rotten_flesh":24,"minecraft:warped_roots":1,"biomesoplenty:white_petals":53,"minecraft:white_wool":2,"minecraft:mutton":4,"minecraft:coal":29,"iceandfire:raw_silver":8,"minecraft:cobblestone":122},"minecraft:mined":{"iceandfire:silver_ore":7,"minecraft:cherry_log":3,"minecraft:torch":2,"minecraft:crafting_table":4,"biomesoplenty:bush":1,"minecraft:grass_block":6,"biomesoplenty:white_petals":17,"travelersbackpack:white_sleeping_bag":1,"minecraft:tall_grass":2,"minecraft:oak_planks":1,"minecraft:sugar_cane":4,"minecraft:wall_torch":7,"minecraft:iron_ore":16,"minecraft:stripped_spruce_log":2,"biomesoplenty:fir_log":31,"minecraft:grass":32,"biomesoplenty:fir_door":1,"minecraft:coal_ore":4,"minecraft:gravel":1,"minecraft:sand":1,"minecraft:dirt":15,"dynamictrees:oak_sapling":1,"minecraft:stone":126,"minecraft:fern":17}},"DataVersion":3465}