{"stats":{"minecraft:killed":{"luminousworld:frigid_zombie":1,"iceandfire:ghost":1,"luminousworld:frigid_skeleton":1},"minecraft:dropped":{"cnc:field_guide":1},"minecraft:custom":{"minecraft:time_since_rest":566,"minecraft:sprint_one_cm":134356,"lootr:looted_stat":2,"minecraft:damage_taken":695,"minecraft:walk_one_cm":95372,"minecraft:trigger_trapped_chest":2,"minecraft:mob_kills":3,"minecraft:drop":1,"minecraft:damage_dealt":804,"minecraft:interact_with_crafting_table":6,"minecraft:talked_to_villager":1,"minecraft:fly_one_cm":21689,"minecraft:crouch_one_cm":2586,"minecraft:play_time":13632,"minecraft:deaths":2,"minecraft:sneak_time":302,"minecraft:jump":125,"minecraft:time_since_death":537,"minecraft:sleep_in_bed":2,"minecraft:climb_one_cm":1492,"minecraft:total_world_time":13632,"minecraft:fall_one_cm":2306},"minecraft:used":{"minecraft:wooden_axe":11,"minecraft:stone_sword":7,"minecraft:bread":1,"minecraft:stone_pickaxe":4,"minecraft:wooden_pickaxe":11,"minecraft:leather_boots":1,"minecraft:spruce_sapling":1,"farmersdelight:onion":12,"minecraft:dirt":17,"minecraft:crafting_table":2},"minecraft:picked_up":{"minecraft:crafting_table":2,"minecraft:potato":1,"minecraft:amethyst_shard":4,"minecraft:spruce_sapling":1,"minecraft:spruce_log":6,"minecraft:amethyst_block":1,"minecraft:dirt":17,"minecraft:lantern":1,"minecraft:rotten_flesh":2,"minecraft:wheat_seeds":1,"minecraft:cobblestone":8,"minecraft:furnace":1},"minecraft:mined":{"minecraft:large_amethyst_bud":1,"minecraft:furnace":1,"minecraft:medium_amethyst_bud":1,"minecraft:wheat":1,"minecraft:amethyst_cluster":1,"minecraft:spruce_log":7,"minecraft:crafting_table":2,"minecraft:grass":1,"minecraft:potatoes":1,"minecraft:grass_block":16,"minecraft:iron_bars":1,"luminousworld:snowgrass":1,"minecraft:lantern":1,"minecraft:dirt":1,"minecraft:cobblestone":8,"minecraft:amethyst_block":1},"minecraft:crafted":{"minecraft:crafting_table":1,"minecraft:spruce_planks":24,"minecraft:stick":8,"minecraft:stone_pickaxe":1,"minecraft:wooden_pickaxe":1,"minecraft:wooden_axe":1,"minecraft:stone_sword":1},"minecraft:killed_by":{"iceandfire:ghost":1}},"DataVersion":3465}