{"stats":{"minecraft:killed":{"luminousworld:miner_zombie":1,"luminousworld:frost_golem":1,"luminousworld:penguin":4,"goblins_tyranny:blacksmith_goblin":1,"goblins_tyranny:glitteron":4,"minecraft:cat":1,"minecraft:pig":1,"goblins_tyranny:bard":1,"luminousworld:frigid_skeleton":4,"cnc:whitetail":1,"goblins_tyranny:mini_goblin_2":3,"goblins_tyranny:goblin_huntsman":1,"minecraft:pillager":3,"minecraft:zombie":7,"goblins_tyranny:bartender_goblin":1,"born_in_chaos_v1:corpse_fly":5,"goblins_tyranny:mini_goblin_3":2,"goblins_tyranny:engineer_goblin":1,"luminousworld:frigid_zombie":3,"cnc:elk":1,"tameablebeasts:giant_grasshopper":1,"goblins_tyranny:mini_drunk_gob_3":2,"goblins_tyranny:mini_drunk_gob_1":2,"born_in_chaos_v1:maggot":1,"goblins_tyranny:mini_goblin_1":2,"cnc:skinwalker":1,"goblins_tyranny:goblin_hunter":1,"tameablebeasts:argentavis":1,"cnc:snake":1,"tameablebeasts:tameable_chikote":2,"born_in_chaos_v1:decrepit_skeleton":1,"iceandfire:ghost":3,"goblins_tyranny:mini_drunk_gob_2":4},"minecraft:dropped":{"minecraft:candle":39,"goblins_tyranny:deadly_barrel":2,"goblins_tyranny:shelf":1,"minecraft:diamond":9,"minecraft:crafting_table":1,"iceandfire:ectoplasm":3,"minecraft:saddle":3,"born_in_chaos_v1:pieceofdarkmetal":4,"minecraft:leather_helmet":2,"tameablebeasts:leaf":2,"iceandfire:graveyard_soil":4,"born_in_chaos_v1:monster_skin":2,"minecraft:snowball":7,"minecraft:sand":34,"cnc:field_guide":1,"minecraft:armor_stand":2,"minecraft:gold_ingot":15,"minecraft:bone":8,"minecraft:sugar_cane":3,"minecraft:wheat":25,"minecraft:rotten_flesh":3,"minecraft:oak_planks":38,"minecraft:beetroot_seeds":3,"minecraft:leather_boots":1,"minecraft:chest":2,"goblins_tyranny:hut_logs_wall":1,"minecraft:stone_brick_stairs":1,"minecraft:enchanted_book":3,"minecraft:iron_ingot":28,"born_in_chaos_v1:shattered_skull":1,"irons_spellbooks:divine_pearl":15,"minecraft:wheat_seeds":86,"luminousworld:ishstone":2,"minecraft:dripstone_block":2,"minecraft:poisonous_potato":5,"minecraft:cobblestone":17,"minecraft:book":10,"minecraft:granite":12,"minecraft:spruce_door":1,"goblins_tyranny:blazing_barrel":1,"minecraft:iron_axe":1,"minecraft:paper":17,"minecraft:redstone":3,"minecraft:stone_sword":2,"goblins_tyranny:goblins_meat":7,"minecraft:raw_iron":17,"irons_spellbooks:uncommon_ink":12,"minecraft:shears":1,"minecraft:blast_furnace":1,"minecraft:hay_block":6,"goblins_tyranny:coin":36,"aether:iron_gloves":1,"minecraft:spruce_planks":20,"iceandfire:silver_ingot":8,"minecraft:stone_bricks":1,"minecraft:bow":1,"minecraft:stone_pickaxe":1,"minecraft:wooden_pickaxe":1,"goblins_tyranny:mug":18},"minecraft:broken":{"minecraft:iron_pickaxe":3},"minecraft:custom":{"lootr:looted_stat":45,"minecraft:interact_with_crafting_table":42,"minecraft:open_barrel":35,"minecraft:leave_game":1,"minecraft:time_since_death":920,"minecraft:sprint_one_cm":1695586,"minecraft:damage_blocked_by_shield":276,"minecraft:drop":104,"minecraft:talked_to_villager":7,"minecraft:play_time":208748,"minecraft:deaths":11,"minecraft:jump":1307,"minecraft:interact_with_brewingstand":2,"minecraft:walk_on_water_one_cm":31090,"minecraft:interact_with_furnace":12,"minecraft:traded_with_villager":17,"minecraft:sleep_in_bed":10,"minecraft:damage_dealt":11055,"minecraft:crouch_one_cm":5131,"minecraft:inspect_dispenser":1,"minecraft:mob_kills":70,"minecraft:damage_dealt_resisted":1856,"minecraft:climb_one_cm":54882,"minecraft:walk_one_cm":949108,"minecraft:sneak_time":1495,"minecraft:walk_under_water_one_cm":1992,"minecraft:boat_one_cm":2477,"minecraft:interact_with_lectern":1,"minecraft:interact_with_blast_furnace":8,"minecraft:total_world_time":208748,"minecraft:interact_with_grindstone":1,"minecraft:time_since_rest":952,"minecraft:damage_taken":4899,"minecraft:trigger_trapped_chest":3,"minecraft:swim_one_cm":43657,"minecraft:fly_one_cm":316590,"minecraft:open_chest":57,"minecraft:fall_one_cm":17487},"minecraft:used":{"irons_spellbooks:inscription_table":1,"minecraft:iron_shovel":77,"minecraft:spruce_slab":16,"minecraft:ladder":16,"minecraft:chest":7,"minecraft:iron_sword":88,"goblins_tyranny:shaman_skull":2,"minecraft:rotten_flesh":2,"goblins_tyranny:bottles":4,"minecraft:carrot":22,"minecraft:bricks":17,"minecraft:lantern":10,"minecraft:written_book":1,"minecraft:furnace":3,"minecraft:oak_sapling":4,"minecraft:potato":48,"minecraft:stone_pickaxe":5,"minecraft:oak_planks":2,"minecraft:wooden_pickaxe":11,"minecraft:composter":1,"epicfight:iron_longsword":103,"luminousworld:groundpebbles_1":1,"minecraft:sugar_cane":12,"minecraft:bread":64,"minecraft:red_terracotta":20,"goblins_tyranny:alarm_horn":3,"minecraft:grindstone":1,"cnc:elk_head":1,"minecraft:smithing_table":2,"minecraft:chain":5,"minecraft:oak_boat":1,"minecraft:bone_meal":3,"minecraft:experience_bottle":5,"minecraft:stone_sword":25,"minecraft:spruce_planks":3,"minecraft:dirt":17,"minecraft:anvil":3,"minecraft:spruce_stairs":5,"minecraft:spruce_fence":1,"minecraft:granite":7,"minecraft:wooden_axe":15,"minecraft:iron_axe":106,"minecraft:barrel":6,"goblins_tyranny:goblins_meat":1,"born_in_chaos_v1:black_argillite_brick_slab":2,"goblins_tyranny:mug":3,"irons_spellbooks:pedestal":1,"minecraft:wheat_seeds":36,"minecraft:water_bucket":5,"minecraft:cobblestone_stairs":66,"goblins_tyranny:plate":3,"jet_and_elias_armors:mercenary_gear_helmet":1,"minecraft:cherry_planks":64,"luminousworld:ishstone":1,"minecraft:stonecutter":1,"minecraft:leather_boots":1,"goblins_tyranny:wolf_hide":3,"farmersdelight:onion":14,"minecraft:crafting_table":10,"goblins_tyranny:goat_hide":3,"minecraft:painting":13,"irons_spellbooks:alchemist_cauldron":1,"minecraft:flower_pot":3,"minecraft:iron_pickaxe":753,"minecraft:spruce_trapdoor":1,"minecraft:spruce_sapling":1,"new_shield_variants:iron_shield":10,"minecraft:cobblestone":36,"minecraft:porkchop":3,"minecraft:bucket":5,"goblins_tyranny:shelf":1},"minecraft:picked_up":{"irons_spellbooks:scroll":11,"minecraft:wheat":99,"minecraft:redstone_block":2,"minecraft:flower_pot":3,"minecraft:anvil":3,"minecraft:smithing_table":2,"aether:iron_gloves":3,"goblins_tyranny:mug":21,"minecraft:potion":1,"minecraft:enchanted_book":4,"minecraft:stone_brick_stairs":2,"cnc:raw_venison":10,"minecraft:amethyst_block":5,"minecraft:raw_copper":8,"minecraft:armor_stand":2,"minecraft:sticky_piston":2,"goblins_tyranny:engineer_scrap":2,"irons_spellbooks:arcane_essence":47,"minecraft:spruce_planks":21,"minecraft:written_book":1,"minecraft:calcite":20,"irons_spellbooks:inscription_table":1,"minecraft:furnace":1,"minecraft:stick":2,"born_in_chaos_v1:shattered_skull":1,"minecraft:composter":1,"minecraft:spruce_stairs":5,"minecraft:porkchop":3,"minecraft:cherry_log":17,"minecraft:diorite":8,"minecraft:cauldron":1,"luminousworld:grassflowers":1,"minecraft:stone_sword":2,"minecraft:rotten_flesh":11,"tameablebeasts:big_bird_meat":1,"goblins_tyranny:shaman_skull":2,"goblins_tyranny:deadly_barrel":2,"minecraft:red_tulip":1,"minecraft:blaze_rod":6,"minecraft:iron_bars":14,"irons_spellbooks:cultist_chestplate":1,"minecraft:cobblestone":542,"goblins_tyranny:bomb":1,"minecraft:cherry_planks":1,"minecraft:water_bucket":1,"minecraft:potato":29,"luminousworld:frost_golem_plaque":1,"cnc:skinwalker_head":1,"goblins_tyranny:goat_hide":3,"minecraft:dirt":64,"minecraft:lantern":12,"born_in_chaos_v1:monster_skin":2,"minecraft:bone":9,"irons_spellbooks:pedestal":1,"minecraft:bow":1,"minecraft:stonecutter":1,"minecraft:wheat_seeds":186,"goblins_tyranny:alarm_horn":4,"minecraft:grindstone":1,"minecraft:oak_planks":7,"goblins_tyranny:wolf_hide":3,"goblins_tyranny:populated_tavern":1,"minecraft:poisonous_potato":5,"minecraft:sand":34,"minecraft:barrel":6,"minecraft:red_terracotta":20,"simplyswords:diamond_spear":1,"minecraft:diamond":12,"irons_spellbooks:divine_pearl":20,"luminousworld:yellowpetunias":2,"knightquest:small_essence":2,"minecraft:granite":22,"minecraft:emerald":49,"goblins_tyranny:blazing_barrel":1,"goblins_tyranny:plate":3,"minecraft:oak_sapling":4,"irons_spellbooks:uncommon_ink":16,"minecraft:bricks":17,"iceandfire:raw_silver":3,"luminousworld:groundpebbles_1":4,"minecraft:crafting_table":10,"minecraft:ladder":1,"minecraft:leather_leggings":1,"born_in_chaos_v1:seedof_chaos":2,"minecraft:chain":5,"minecraft:iron_axe":1,"minecraft:candle":45,"irons_spellbooks:lightning_bottle":4,"minecraft:spruce_slab":16,"cnc:elk_head":1,"minecraft:sugar_cane":15,"minecraft:chest":6,"minecraft:spruce_trapdoor":7,"minecraft:raw_iron":42,"goblins_tyranny:bomb_bag":2,"minecraft:spruce_fence":1,"born_in_chaos_v1:pieceofdarkmetal":6,"minecraft:carrot":21,"minecraft:redstone":3,"irons_spellbooks:alchemist_cauldron":1,"goblins_tyranny:goblins_meat":8,"iceandfire:silver_ingot":10,"minecraft:arrow":6,"goblins_tyranny:shelf":2,"minecraft:hay_block":27,"goblins_tyranny:bottles":4,"minecraft:saddle":4,"minecraft:gold_ingot":20,"minecraft:white_wool":4,"born_in_chaos_v1:corpse_maggot":1,"luminousworld:ishstone":16,"minecraft:oak_log":22,"minecraft:cobblestone_stairs":2,"cnc:whitetail_head":1,"irons_spellbooks:rare_ink":1,"irons_spellbooks:common_ink":14,"minecraft:stone_bricks":1,"irons_spellbooks:blood_vial":3,"minecraft:iron_ingot":35,"minecraft:stone_pickaxe":1,"minecraft:book":5,"minecraft:smooth_basalt":5,"tameablebeasts:leaf":2,"minecraft:pumpkin":1,"goblins_tyranny:hut_logs_wall":1,"minecraft:dripstone_block":2,"minecraft:gravel":12,"minecraft:amethyst_shard":24,"minecraft:spruce_sapling":1,"minecraft:blast_furnace":1,"minecraft:spruce_log":6,"minecraft:spruce_door":2,"minecraft:leather_helmet":2,"goblins_tyranny:coin":36,"born_in_chaos_v1:black_argillite_brick_slab":2,"minecraft:painting":15,"goblins_tyranny:gaz_bomb":3,"minecraft:coal":37},"minecraft:mined":{"minecraft:large_amethyst_bud":1,"minecraft:spruce_planks":12,"minecraft:cobblestone_stairs":2,"minecraft:cherry_log":18,"goblins_tyranny:mugs":2,"minecraft:spruce_trapdoor":7,"minecraft:granite":10,"minecraft:grass_block":26,"minecraft:composter":1,"minecraft:spawner":1,"minecraft:mossy_cobblestone_slab":1,"minecraft:barrel":6,"minecraft:sticky_piston":2,"minecraft:iron_ore":4,"born_in_chaos_v1:black_argillite_brick_slab":2,"goblins_tyranny:hut_logs_wall":1,"goblins_tyranny:coin_barrel":1,"minecraft:pumpkin":1,"minecraft:anvil":3,"realmrpg_skeletons:devastated_skeleton":1,"minecraft:water_cauldron":1,"minecraft:iron_bars":1,"minecraft:spruce_slab":10,"goblins_tyranny:shaman_skull":1,"irons_spellbooks:pedestal":1,"lootr:lootr_chest":1,"irons_spellbooks:alchemist_cauldron":1,"minecraft:medium_amethyst_bud":1,"minecraft:amethyst_cluster":8,"goblins_tyranny:liquor_bottles":1,"minecraft:blast_furnace":1,"minecraft:calcite":20,"minecraft:chest":3,"goblins_tyranny:shelf":1,"minecraft:cobblestone":11,"minecraft:grindstone":1,"minecraft:oak_planks":1,"minecraft:sugar_cane":5,"minecraft:bricks":17,"minecraft:amethyst_block":5,"minecraft:chain":5,"realmrpg_skeletons:bow_skeleton":2,"minecraft:wheat":76,"minecraft:stone_brick_stairs":1,"minecraft:grass":22,"minecraft:oak_log":22,"goblins_tyranny:wolf_hide":1,"minecraft:dirt":39,"luminousworld:grassvariant_3":2,"minecraft:smooth_basalt":5,"minecraft:stonecutter":1,"minecraft:potted_red_tulip":1,"minecraft:oak_leaves":5,"goblins_tyranny:goat_hide":1,"realmrpg_skeletons:waterdrop_skeleton":1,"luminousworld:groundpebbles_1":1,"goblins_tyranny:blazing_barrel":1,"iceandfire:silver_ore":3,"goblins_tyranny:coins_5":1,"minecraft:candle":19,"goblins_tyranny:coins_4":2,"goblins_tyranny:liquor_bottles_3":1,"minecraft:ladder":1,"minecraft:spruce_fence":1,"minecraft:redstone_wire":3,"luminousworld:grassvariant_2":2,"minecraft:hay_block":21,"minecraft:furnace":1,"minecraft:carrots":6,"minecraft:potatoes":7,"minecraft:vine":1,"luminousworld:snowgrass":1,"minecraft:lantern":10,"realmrpg_skeletons:arrow_skeleton":1,"irons_spellbooks:inscription_table":1,"minecraft:stone":544,"minecraft:white_wool":4,"minecraft:smithing_table":2,"goblins_tyranny:alarm_horn":4,"minecraft:redstone_block":2,"minecraft:cherry_planks":1,"minecraft:crafting_table":9,"luminousworld:grassflowers":1,"minecraft:copper_ore":2,"minecraft:diorite":8,"minecraft:spruce_stairs":5,"minecraft:red_terracotta":20,"goblins_tyranny:plates_3":1,"minecraft:spruce_log":7,"minecraft:coal_ore":38,"luminousworld:ishstone":14,"goblins_tyranny:deadly_barrel":2,"minecraft:cherry_leaves":1,"minecraft:flower_pot":2,"minecraft:gravel":12,"minecraft:stone_bricks":2,"minecraft:mossy_stone_bricks":1},"minecraft:killed_by":{"iceandfire:cyclops":1,"iceandfire:fire_dragon":1,"minecraft:vex":1,"born_in_chaos_v1:pumpkin_spirit":1,"minecraft:iron_golem":1,"goblins_tyranny:mini_drunk_gob_2":1,"irons_spellbooks:archevoker":1,"iceandfire:ghost":1,"goblins_tyranny:mini_drunk_gob_3":1},"minecraft:crafted":{"minecraft:oak_planks":88,"minecraft:cobblestone_stairs":160,"minecraft:heavy_weighted_pressure_plate":1,"minecraft:chest":3,"new_shield_variants:iron_shield":1,"irons_spellbooks:scroll":1,"minecraft:emerald":32,"minecraft:crafting_table":1,"minecraft:spruce_planks":24,"minecraft:wooden_pickaxe":1,"epicfight:iron_longsword":1,"minecraft:stick":64,"minecraft:iron_ingot":59,"minecraft:iron_pickaxe":3,"minecraft:stone_sword":1,"minecraft:cherry_planks":68,"minecraft:redstone":18,"minecraft:furnace":3,"minecraft:bone_meal":3,"jet_and_elias_armors:mercenary_gear_helmet":1,"minecraft:iron_axe":1,"minecraft:ladder":15,"minecraft:stone_pickaxe":1,"minecraft:wheat":182,"iceandfire:silver_ingot":3,"minecraft:iron_sword":1,"minecraft:bread":91,"minecraft:air":0,"minecraft:oak_boat":1,"minecraft:wooden_axe":1,"minecraft:iron_shovel":1}},"DataVersion":3465}