{"stats":{"minecraft:killed":{"luminousworld:frigid_zombie":3,"cnc:elk":1,"tameablebeasts:giant_grasshopper":1,"luminousworld:frost_golem":1,"luminousworld:penguin":4,"cnc:skinwalker":1,"tameablebeasts:argentavis":1,"minecraft:cat":1,"minecraft:pig":1,"cnc:snake":1,"tameablebeasts:tameable_chikote":2,"luminousworld:frigid_skeleton":4,"cnc:whitetail":1,"born_in_chaos_v1:decrepit_skeleton":1,"minecraft:pillager":1,"minecraft:zombie":3,"iceandfire:ghost":3,"born_in_chaos_v1:corpse_fly":5},"minecraft:dropped":{"minecraft:enchanted_book":3,"minecraft:iron_ingot":28,"minecraft:wheat_seeds":83,"irons_spellbooks:divine_pearl":15,"minecraft:candle":39,"born_in_chaos_v1:shattered_skull":1,"luminousworld:ishstone":2,"minecraft:diamond":9,"minecraft:crafting_table":1,"minecraft:dripstone_block":2,"minecraft:poisonous_potato":5,"minecraft:cobblestone":1,"minecraft:book":10,"minecraft:granite":12,"iceandfire:ectoplasm":3,"minecraft:saddle":3,"born_in_chaos_v1:pieceofdarkmetal":4,"tameablebeasts:leaf":2,"iceandfire:graveyard_soil":4,"born_in_chaos_v1:monster_skin":2,"minecraft:snowball":7,"minecraft:sand":34,"cnc:field_guide":1,"minecraft:paper":17,"minecraft:gold_ingot":15,"minecraft:bone":6,"minecraft:stone_sword":2,"minecraft:wheat":23,"irons_spellbooks:uncommon_ink":12,"minecraft:raw_iron":17,"minecraft:rotten_flesh":3,"minecraft:oak_planks":6,"minecraft:shears":1,"minecraft:blast_furnace":1,"minecraft:hay_block":6,"aether:iron_gloves":1,"minecraft:leather_boots":1,"minecraft:beetroot_seeds":3,"iceandfire:silver_ingot":8,"minecraft:chest":2,"minecraft:stone_bricks":1,"minecraft:bow":1,"minecraft:wooden_pickaxe":1,"minecraft:stone_pickaxe":1,"minecraft:stone_brick_stairs":1},"minecraft:broken":{"minecraft:iron_pickaxe":1},"minecraft:custom":{"lootr:looted_stat":40,"minecraft:mob_kills":35,"minecraft:interact_with_crafting_table":32,"minecraft:open_barrel":4,"minecraft:damage_dealt_resisted":1148,"minecraft:leave_game":1,"minecraft:time_since_death":48326,"minecraft:climb_one_cm":8541,"minecraft:sprint_one_cm":1202224,"minecraft:walk_one_cm":577700,"minecraft:damage_blocked_by_shield":96,"minecraft:drop":79,"minecraft:talked_to_villager":7,"minecraft:play_time":136748,"minecraft:deaths":7,"minecraft:sneak_time":1104,"minecraft:walk_under_water_one_cm":1025,"minecraft:interact_with_lectern":1,"minecraft:interact_with_brewingstand":2,"minecraft:jump":854,"minecraft:interact_with_blast_furnace":8,"minecraft:walk_on_water_one_cm":14885,"minecraft:total_world_time":136748,"minecraft:interact_with_furnace":5,"minecraft:traded_with_villager":17,"minecraft:sleep_in_bed":9,"minecraft:time_since_rest":3031,"minecraft:damage_taken":3225,"minecraft:trigger_trapped_chest":3,"minecraft:damage_dealt":7326,"minecraft:fly_one_cm":211580,"minecraft:swim_one_cm":4052,"minecraft:open_chest":25,"minecraft:crouch_one_cm":4804,"minecraft:fall_one_cm":11487},"minecraft:used":{"minecraft:stone_sword":25,"minecraft:iron_shovel":60,"minecraft:spruce_slab":16,"minecraft:chest":4,"minecraft:spruce_planks":3,"minecraft:iron_sword":26,"minecraft:rotten_flesh":2,"minecraft:dirt":17,"minecraft:spruce_stairs":5,"minecraft:carrot":8,"minecraft:granite":7,"minecraft:spruce_fence":1,"minecraft:wooden_axe":15,"minecraft:bricks":17,"minecraft:lantern":1,"minecraft:iron_axe":37,"minecraft:written_book":1,"minecraft:oak_sapling":4,"minecraft:furnace":1,"born_in_chaos_v1:black_argillite_brick_slab":2,"minecraft:potato":48,"minecraft:wheat_seeds":36,"minecraft:water_bucket":4,"minecraft:cobblestone_stairs":65,"jet_and_elias_armors:mercenary_gear_helmet":1,"minecraft:stone_pickaxe":5,"luminousworld:ishstone":1,"minecraft:wooden_pickaxe":11,"epicfight:iron_longsword":103,"minecraft:composter":1,"luminousworld:groundpebbles_1":1,"minecraft:sugar_cane":12,"minecraft:leather_boots":1,"farmersdelight:onion":14,"minecraft:crafting_table":10,"minecraft:flower_pot":1,"minecraft:bread":40,"minecraft:iron_pickaxe":408,"minecraft:red_terracotta":20,"minecraft:spruce_sapling":1,"minecraft:cobblestone":27,"new_shield_variants:iron_shield":5,"minecraft:porkchop":3,"cnc:elk_head":1,"minecraft:bucket":4,"minecraft:bone_meal":3,"minecraft:experience_bottle":5},"minecraft:picked_up":{"luminousworld:groundpebbles_1":1,"irons_spellbooks:scroll":11,"minecraft:wheat":71,"minecraft:crafting_table":10,"minecraft:flower_pot":1,"born_in_chaos_v1:seedof_chaos":2,"aether:iron_gloves":3,"minecraft:enchanted_book":4,"minecraft:potion":1,"minecraft:stone_brick_stairs":2,"cnc:raw_venison":10,"minecraft:amethyst_block":1,"minecraft:raw_copper":8,"irons_spellbooks:arcane_essence":47,"minecraft:candle":45,"minecraft:written_book":1,"minecraft:spruce_slab":16,"cnc:elk_head":1,"irons_spellbooks:lightning_bottle":4,"minecraft:sugar_cane":12,"minecraft:chest":4,"minecraft:spruce_trapdoor":7,"minecraft:furnace":1,"minecraft:raw_iron":42,"born_in_chaos_v1:shattered_skull":1,"minecraft:composter":1,"minecraft:spruce_stairs":5,"minecraft:spruce_fence":1,"minecraft:porkchop":3,"born_in_chaos_v1:pieceofdarkmetal":6,"minecraft:carrot":7,"tameablebeasts:big_bird_meat":1,"luminousworld:grassflowers":1,"minecraft:stone_sword":2,"iceandfire:silver_ingot":10,"minecraft:arrow":6,"minecraft:rotten_flesh":9,"minecraft:hay_block":27,"minecraft:red_tulip":1,"minecraft:saddle":4,"minecraft:gold_ingot":20,"minecraft:blaze_rod":6,"minecraft:iron_bars":14,"minecraft:cobblestone":300,"born_in_chaos_v1:corpse_maggot":1,"minecraft:water_bucket":1,"luminousworld:ishstone":16,"luminousworld:frost_golem_plaque":1,"minecraft:potato":29,"cnc:skinwalker_head":1,"minecraft:oak_log":13,"minecraft:cobblestone_stairs":1,"cnc:whitetail_head":1,"minecraft:dirt":61,"minecraft:lantern":2,"irons_spellbooks:rare_ink":1,"born_in_chaos_v1:monster_skin":2,"irons_spellbooks:common_ink":14,"minecraft:bone":7,"minecraft:stone_bricks":1,"minecraft:bow":1,"minecraft:wheat_seeds":106,"irons_spellbooks:blood_vial":3,"minecraft:iron_ingot":35,"minecraft:stone_pickaxe":1,"minecraft:oak_planks":6,"minecraft:book":5,"tameablebeasts:leaf":2,"minecraft:pumpkin":1,"minecraft:poisonous_potato":5,"minecraft:dripstone_block":2,"minecraft:sand":34,"minecraft:amethyst_shard":4,"minecraft:spruce_sapling":1,"minecraft:blast_furnace":1,"minecraft:spruce_log":6,"minecraft:red_terracotta":20,"minecraft:spruce_door":1,"born_in_chaos_v1:black_argillite_brick_slab":2,"minecraft:diamond":12,"irons_spellbooks:divine_pearl":20,"knightquest:small_essence":2,"minecraft:granite":19,"minecraft:emerald":49,"minecraft:oak_sapling":4,"irons_spellbooks:uncommon_ink":16,"minecraft:bricks":17,"minecraft:coal":22,"iceandfire:raw_silver":3},"minecraft:mined":{"luminousworld:groundpebbles_1":1,"realmrpg_skeletons:waterdrop_skeleton":1,"minecraft:large_amethyst_bud":1,"iceandfire:silver_ore":3,"minecraft:candle":19,"minecraft:cobblestone_stairs":1,"minecraft:spruce_trapdoor":7,"minecraft:granite":7,"minecraft:grass_block":26,"minecraft:spruce_fence":1,"luminousworld:grassvariant_2":2,"minecraft:composter":1,"minecraft:spawner":1,"minecraft:hay_block":21,"minecraft:furnace":1,"minecraft:carrots":2,"born_in_chaos_v1:black_argillite_brick_slab":2,"minecraft:iron_ore":4,"minecraft:pumpkin":1,"realmrpg_skeletons:devastated_skeleton":1,"minecraft:potatoes":7,"minecraft:vine":1,"minecraft:lantern":1,"minecraft:iron_bars":1,"luminousworld:snowgrass":1,"minecraft:stone":298,"minecraft:spruce_slab":10,"minecraft:medium_amethyst_bud":1,"minecraft:amethyst_cluster":2,"minecraft:crafting_table":9,"minecraft:blast_furnace":1,"minecraft:chest":2,"luminousworld:grassflowers":1,"minecraft:cobblestone":11,"minecraft:copper_ore":2,"minecraft:sugar_cane":4,"minecraft:bricks":17,"minecraft:amethyst_block":1,"minecraft:spruce_stairs":5,"minecraft:red_terracotta":20,"realmrpg_skeletons:bow_skeleton":2,"minecraft:wheat":44,"minecraft:spruce_log":7,"minecraft:stone_brick_stairs":1,"minecraft:grass":21,"minecraft:coal_ore":22,"minecraft:oak_log":13,"luminousworld:ishstone":14,"minecraft:dirt":36,"luminousworld:grassvariant_3":2,"minecraft:stone_bricks":2,"minecraft:potted_red_tulip":1,"minecraft:mossy_stone_bricks":1,"minecraft:oak_leaves":3},"minecraft:killed_by":{"born_in_chaos_v1:pumpkin_spirit":1,"minecraft:iron_golem":1,"irons_spellbooks:archevoker":1,"iceandfire:ghost":1,"iceandfire:fire_dragon":1,"minecraft:vex":1},"minecraft:crafted":{"minecraft:oak_planks":52,"minecraft:furnace":1,"minecraft:cobblestone_stairs":160,"minecraft:bone_meal":3,"minecraft:heavy_weighted_pressure_plate":1,"jet_and_elias_armors:mercenary_gear_helmet":1,"minecraft:iron_axe":1,"minecraft:stone_pickaxe":1,"minecraft:chest":2,"new_shield_variants:iron_shield":1,"minecraft:wheat":182,"irons_spellbooks:scroll":1,"minecraft:emerald":32,"iceandfire:silver_ingot":3,"minecraft:crafting_table":1,"minecraft:spruce_planks":24,"minecraft:wooden_pickaxe":1,"minecraft:iron_sword":1,"epicfight:iron_longsword":1,"minecraft:bread":71,"minecraft:air":0,"minecraft:stick":20,"minecraft:iron_ingot":38,"minecraft:iron_pickaxe":2,"minecraft:wooden_axe":1,"minecraft:stone_sword":1,"minecraft:iron_shovel":1}},"DataVersion":3465}