{"stats":{"minecraft:dropped":{"cnc:field_guide":1},"minecraft:custom":{"minecraft:jump":15,"minecraft:time_since_rest":1632,"minecraft:crouch_one_cm":1636,"minecraft:sprint_one_cm":7754,"minecraft:play_time":1632,"minecraft:time_since_death":1632,"minecraft:walk_one_cm":5807,"minecraft:sneak_time":138,"minecraft:total_world_time":1632,"minecraft:drop":1},"minecraft:used":{"minecraft:dirt":17},"minecraft:picked_up":{"minecraft:wheat_seeds":1,"minecraft:dirt":17,"minecraft:potato":1},"minecraft:mined":{"minecraft:wheat":1,"minecraft:potatoes":1,"minecraft:grass_block":16,"minecraft:dirt":1}},"DataVersion":3465}