{"stats":{"minecraft:killed":{"luminousworld:frigid_zombie":1,"minecraft:pig":1,"cnc:snake":1,"luminousworld:frost_golem":1,"luminousworld:penguin":4,"luminousworld:frigid_skeleton":2,"cnc:whitetail":1,"minecraft:pillager":1,"iceandfire:ghost":2,"born_in_chaos_v1:corpse_fly":1},"minecraft:dropped":{"minecraft:wheat_seeds":19,"minecraft:stone_sword":2,"luminousworld:ishstone":2,"minecraft:dripstone_block":2,"minecraft:cobblestone":1,"minecraft:granite":12,"iceandfire:ectoplasm":3,"minecraft:shears":1,"iceandfire:graveyard_soil":4,"aether:iron_gloves":1,"born_in_chaos_v1:monster_skin":2,"minecraft:beetroot_seeds":3,"minecraft:leather_boots":1,"minecraft:snowball":7,"minecraft:sand":34,"minecraft:stone_pickaxe":1,"minecraft:wooden_pickaxe":1,"cnc:field_guide":1},"minecraft:custom":{"lootr:looted_stat":23,"minecraft:mob_kills":15,"minecraft:interact_with_crafting_table":18,"minecraft:open_barrel":2,"minecraft:time_since_death":1090,"minecraft:sleep_in_bed":2,"minecraft:climb_one_cm":2400,"minecraft:time_since_rest":1134,"minecraft:sprint_one_cm":358547,"minecraft:damage_taken":1544,"minecraft:walk_one_cm":210113,"minecraft:damage_blocked_by_shield":56,"minecraft:trigger_trapped_chest":2,"minecraft:drop":26,"minecraft:damage_dealt":3148,"minecraft:talked_to_villager":1,"minecraft:fly_one_cm":60909,"minecraft:open_chest":2,"minecraft:crouch_one_cm":2598,"minecraft:play_time":43632,"minecraft:deaths":5,"minecraft:sneak_time":388,"minecraft:jump":247,"minecraft:interact_with_brewingstand":1,"minecraft:interact_with_blast_furnace":8,"minecraft:walk_on_water_one_cm":133,"minecraft:total_world_time":43632,"minecraft:fall_one_cm":4616},"minecraft:used":{"minecraft:stone_sword":25,"jet_and_elias_armors:mercenary_gear_helmet":1,"minecraft:stone_pickaxe":5,"minecraft:spruce_planks":3,"minecraft:wooden_pickaxe":11,"epicfight:iron_longsword":29,"minecraft:leather_boots":1,"farmersdelight:onion":14,"minecraft:dirt":17,"minecraft:crafting_table":6,"minecraft:carrot":4,"minecraft:wooden_axe":15,"minecraft:iron_pickaxe":1,"minecraft:bread":1,"minecraft:spruce_sapling":1,"new_shield_variants:iron_shield":1,"minecraft:written_book":1,"minecraft:potato":20,"minecraft:experience_bottle":5},"minecraft:picked_up":{"born_in_chaos_v1:corpse_maggot":1,"minecraft:wheat":3,"minecraft:crafting_table":6,"born_in_chaos_v1:seedof_chaos":1,"luminousworld:ishstone":2,"aether:iron_gloves":3,"luminousworld:frost_golem_plaque":1,"minecraft:potato":29,"cnc:raw_venison":4,"minecraft:amethyst_block":1,"cnc:whitetail_head":1,"minecraft:dirt":17,"minecraft:lantern":1,"born_in_chaos_v1:monster_skin":2,"minecraft:wheat_seeds":19,"minecraft:iron_ingot":7,"minecraft:stone_pickaxe":1,"minecraft:written_book":1,"minecraft:furnace":1,"minecraft:dripstone_block":2,"minecraft:porkchop":3,"minecraft:sand":34,"minecraft:amethyst_shard":4,"minecraft:spruce_sapling":1,"minecraft:blast_furnace":1,"minecraft:carrot":7,"minecraft:spruce_log":6,"minecraft:stone_sword":2,"minecraft:arrow":4,"minecraft:rotten_flesh":4,"knightquest:small_essence":2,"minecraft:granite":12,"minecraft:emerald":2,"minecraft:iron_bars":14,"minecraft:cobblestone":9},"minecraft:mined":{"minecraft:large_amethyst_bud":1,"minecraft:medium_amethyst_bud":1,"minecraft:amethyst_cluster":1,"minecraft:crafting_table":6,"minecraft:blast_furnace":1,"minecraft:grass_block":16,"minecraft:cobblestone":9,"minecraft:amethyst_block":1,"minecraft:furnace":1,"minecraft:carrots":2,"minecraft:wheat":4,"minecraft:spruce_log":7,"minecraft:grass":1,"minecraft:potatoes":7,"minecraft:lantern":1,"minecraft:iron_bars":1,"luminousworld:snowgrass":1,"minecraft:dirt":1},"minecraft:killed_by":{"irons_spellbooks:archevoker":1,"minecraft:iron_golem":1,"iceandfire:ghost":1,"minecraft:vex":1},"minecraft:crafted":{"minecraft:crafting_table":1,"minecraft:spruce_planks":24,"minecraft:wooden_pickaxe":1,"minecraft:iron_sword":1,"epicfight:iron_longsword":1,"minecraft:heavy_weighted_pressure_plate":1,"minecraft:bread":8,"minecraft:air":0,"jet_and_elias_armors:mercenary_gear_helmet":1,"minecraft:stick":12,"minecraft:iron_ingot":38,"minecraft:iron_pickaxe":1,"minecraft:stone_pickaxe":1,"minecraft:wooden_axe":1,"minecraft:stone_sword":1,"new_shield_variants:iron_shield":1}},"DataVersion":3465}