{"stats":{"minecraft:killed":{"luminousworld:frigid_zombie":3,"minecraft:pig":1,"cnc:snake":1,"luminousworld:frost_golem":1,"luminousworld:penguin":4,"luminousworld:frigid_skeleton":4,"cnc:whitetail":1,"born_in_chaos_v1:decrepit_skeleton":1,"minecraft:pillager":1,"minecraft:zombie":3,"iceandfire:ghost":2,"born_in_chaos_v1:corpse_fly":5,"cnc:skinwalker":1},"minecraft:dropped":{"minecraft:iron_ingot":28,"minecraft:candle":39,"minecraft:wheat_seeds":19,"minecraft:stone_sword":2,"luminousworld:ishstone":2,"minecraft:dripstone_block":2,"minecraft:rotten_flesh":3,"minecraft:book":10,"minecraft:cobblestone":1,"minecraft:granite":12,"iceandfire:ectoplasm":3,"minecraft:shears":1,"minecraft:blast_furnace":1,"iceandfire:graveyard_soil":4,"aether:iron_gloves":1,"born_in_chaos_v1:monster_skin":2,"minecraft:beetroot_seeds":3,"iceandfire:silver_ingot":2,"minecraft:leather_boots":1,"minecraft:snowball":7,"minecraft:stone_bricks":1,"minecraft:sand":34,"minecraft:stone_pickaxe":1,"minecraft:wooden_pickaxe":1,"minecraft:paper":17,"cnc:field_guide":1,"minecraft:stone_brick_stairs":1,"minecraft:bone":2},"minecraft:custom":{"lootr:looted_stat":36,"minecraft:mob_kills":28,"minecraft:traded_with_villager":17,"minecraft:interact_with_crafting_table":18,"minecraft:open_barrel":4,"minecraft:damage_dealt_resisted":1148,"minecraft:time_since_death":25090,"minecraft:sleep_in_bed":3,"minecraft:climb_one_cm":4753,"minecraft:time_since_rest":8490,"minecraft:sprint_one_cm":656252,"minecraft:damage_taken":2621,"minecraft:walk_one_cm":327208,"minecraft:damage_blocked_by_shield":56,"minecraft:trigger_trapped_chest":2,"minecraft:drop":37,"minecraft:damage_dealt":6323,"minecraft:swim_one_cm":852,"minecraft:talked_to_villager":4,"minecraft:fly_one_cm":93373,"minecraft:open_chest":2,"minecraft:crouch_one_cm":2635,"minecraft:play_time":67632,"minecraft:deaths":5,"minecraft:sneak_time":412,"minecraft:walk_under_water_one_cm":46,"minecraft:interact_with_lectern":1,"minecraft:jump":342,"minecraft:interact_with_brewingstand":1,"minecraft:interact_with_blast_furnace":8,"minecraft:walk_on_water_one_cm":1399,"minecraft:total_world_time":67632,"minecraft:fall_one_cm":7088},"minecraft:used":{"minecraft:water_bucket":1,"minecraft:stone_sword":25,"jet_and_elias_armors:mercenary_gear_helmet":1,"minecraft:stone_pickaxe":5,"minecraft:iron_sword":16,"minecraft:spruce_planks":3,"minecraft:wooden_pickaxe":11,"epicfight:iron_longsword":97,"minecraft:leather_boots":1,"minecraft:rotten_flesh":2,"farmersdelight:onion":14,"minecraft:dirt":17,"minecraft:crafting_table":6,"minecraft:carrot":4,"minecraft:wooden_axe":15,"minecraft:iron_pickaxe":11,"minecraft:bread":19,"minecraft:spruce_sapling":1,"new_shield_variants:iron_shield":1,"minecraft:written_book":1,"minecraft:porkchop":3,"minecraft:bucket":1,"minecraft:potato":48,"minecraft:experience_bottle":5},"minecraft:picked_up":{"born_in_chaos_v1:corpse_maggot":1,"minecraft:wheat":3,"minecraft:crafting_table":6,"minecraft:water_bucket":1,"born_in_chaos_v1:seedof_chaos":1,"luminousworld:ishstone":2,"aether:iron_gloves":3,"luminousworld:frost_golem_plaque":1,"minecraft:potato":29,"cnc:skinwalker_head":1,"minecraft:stone_brick_stairs":2,"cnc:raw_venison":4,"minecraft:amethyst_block":1,"cnc:whitetail_head":1,"minecraft:dirt":17,"minecraft:lantern":1,"born_in_chaos_v1:monster_skin":2,"minecraft:bone":2,"minecraft:stone_bricks":1,"minecraft:candle":45,"minecraft:wheat_seeds":19,"minecraft:iron_ingot":35,"minecraft:stone_pickaxe":1,"minecraft:written_book":1,"minecraft:furnace":1,"minecraft:book":5,"born_in_chaos_v1:shattered_skull":1,"minecraft:dripstone_block":2,"minecraft:porkchop":3,"minecraft:sand":34,"minecraft:amethyst_shard":4,"born_in_chaos_v1:pieceofdarkmetal":1,"minecraft:spruce_sapling":1,"minecraft:blast_furnace":1,"minecraft:carrot":7,"minecraft:spruce_log":6,"iceandfire:silver_ingot":2,"minecraft:stone_sword":2,"minecraft:arrow":4,"minecraft:rotten_flesh":9,"minecraft:hay_block":21,"knightquest:small_essence":2,"minecraft:granite":12,"minecraft:emerald":2,"minecraft:iron_bars":14,"minecraft:cobblestone":9},"minecraft:mined":{"realmrpg_skeletons:waterdrop_skeleton":1,"minecraft:large_amethyst_bud":1,"minecraft:candle":19,"minecraft:medium_amethyst_bud":1,"minecraft:amethyst_cluster":2,"minecraft:crafting_table":6,"minecraft:blast_furnace":1,"minecraft:grass_block":17,"minecraft:cobblestone":9,"minecraft:amethyst_block":1,"minecraft:spawner":1,"minecraft:hay_block":21,"minecraft:furnace":1,"minecraft:carrots":2,"minecraft:wheat":4,"minecraft:spruce_log":7,"minecraft:stone_brick_stairs":1,"minecraft:grass":3,"minecraft:potatoes":7,"minecraft:lantern":1,"minecraft:iron_bars":1,"luminousworld:snowgrass":1,"minecraft:dirt":1,"minecraft:stone_bricks":2,"minecraft:mossy_stone_bricks":1},"minecraft:killed_by":{"irons_spellbooks:archevoker":1,"minecraft:iron_golem":1,"iceandfire:ghost":1,"minecraft:vex":1},"minecraft:crafted":{"irons_spellbooks:scroll":1,"minecraft:emerald":32,"minecraft:crafting_table":1,"minecraft:spruce_planks":24,"minecraft:wooden_pickaxe":1,"minecraft:iron_sword":1,"epicfight:iron_longsword":1,"minecraft:heavy_weighted_pressure_plate":1,"minecraft:bread":8,"minecraft:air":0,"jet_and_elias_armors:mercenary_gear_helmet":1,"minecraft:stick":12,"minecraft:iron_ingot":38,"minecraft:iron_pickaxe":1,"minecraft:stone_pickaxe":1,"minecraft:wooden_axe":1,"minecraft:stone_sword":1,"new_shield_variants:iron_shield":1}},"DataVersion":3465}