{"stats":{"minecraft:killed":{"minecraft:skeleton":1},"minecraft:dropped":{"born_in_chaos_v1:intoxicating_decoction":1,"minecraft:cobblestone":1},"minecraft:custom":{"minecraft:time_since_rest":12636,"minecraft:interact_with_smithing_table":1,"lootr:looted_stat":4,"minecraft:sprint_one_cm":57658,"minecraft:damage_taken":239,"minecraft:walk_one_cm":138311,"minecraft:mob_kills":1,"minecraft:drop":2,"minecraft:damage_dealt":146,"minecraft:interact_with_crafting_table":1,"minecraft:talked_to_villager":1,"minecraft:fly_one_cm":89552,"minecraft:open_barrel":13,"minecraft:crouch_one_cm":1957,"minecraft:play_time":17290,"minecraft:sneak_time":314,"minecraft:jump":216,"minecraft:interact_with_brewingstand":3,"minecraft:leave_game":6,"minecraft:time_since_death":17290,"minecraft:sleep_in_bed":1,"minecraft:climb_one_cm":1392,"minecraft:total_world_time":17290,"minecraft:fall_one_cm":5551},"minecraft:used":{"cnc:black_bear_head":1,"born_in_chaos_v1:mint_ice_cream":2,"minecraft:wooden_pickaxe":25,"minecraft:crafting_table":2,"born_in_chaos_v1:holiday_candy":4,"minecraft:potato":12},"minecraft:picked_up":{"minecraft:torch":1,"minecraft:potato":11,"minecraft:stripped_spruce_log":1,"minecraft:spruce_log":1,"cnc:black_bear_head":1,"simplyswords:diamond_spear":1,"minecraft:dark_oak_log":4,"minecraft:mossy_cobblestone":1,"minecraft:blue_bed":1,"minecraft:iron_axe":1,"minecraft:white_carpet":4,"minecraft:item_frame":1,"born_in_chaos_v1:intoxicating_decoction":3,"simplyswords:diamond_claymore":1,"minecraft:bone":2,"minecraft:arrow":1,"bonfires:ash_pile":2,"minecraft:rotten_flesh":9,"minecraft:cobblestone_slab":4,"minecraft:light_gray_carpet":2,"minecraft:cobblestone":2,"minecraft:furnace":1},"minecraft:mined":{"realmrpg_skeletons:bow_skeleton":1,"minecraft:furnace":1,"minecraft:mossy_cobblestone":1,"minecraft:white_carpet":3,"minecraft:dark_oak_log":4,"minecraft:stripped_spruce_log":1,"minecraft:torch":1,"minecraft:potatoes":8,"minecraft:cobblestone_slab":3,"minecraft:packed_ice":2,"minecraft:cobblestone":3,"minecraft:blue_bed":1},"minecraft:crafted":{"minecraft:crafting_table":2,"minecraft:spruce_planks":4,"minecraft:stick":8,"minecraft:wooden_pickaxe":1,"minecraft:wooden_axe":1,"minecraft:dark_oak_planks":16}},"DataVersion":3465}