{"stats":{"minecraft:killed":{"minecraft:iron_golem":1,"minecraft:skeleton":1},"minecraft:dropped":{"born_in_chaos_v1:intoxicating_decoction":1,"minecraft:stripped_spruce_log":1,"minecraft:black_dye":5,"irons_spellbooks:divine_pearl":1,"minecraft:wheat_seeds":1,"simplyswords:diamond_spear":1,"minecraft:mossy_cobblestone":1,"born_in_chaos_v1:holiday_candy":4,"minecraft:cobblestone":1,"minecraft:light_gray_carpet":9,"minecraft:item_frame":2,"born_in_chaos_v1:mint_ice_cream":2,"minecraft:lectern":1},"minecraft:custom":{"minecraft:interact_with_smithing_table":1,"lootr:looted_stat":7,"minecraft:mob_kills":2,"minecraft:interact_with_crafting_table":6,"minecraft:open_barrel":13,"minecraft:leave_game":6,"minecraft:time_since_death":41290,"minecraft:sleep_in_bed":3,"minecraft:climb_one_cm":16506,"minecraft:time_since_rest":8121,"minecraft:sprint_one_cm":128419,"minecraft:damage_taken":379,"minecraft:walk_one_cm":291609,"minecraft:drop":20,"minecraft:damage_dealt":1145,"minecraft:swim_one_cm":7012,"minecraft:talked_to_villager":3,"minecraft:fly_one_cm":376184,"minecraft:open_chest":12,"minecraft:crouch_one_cm":5178,"minecraft:play_time":41290,"minecraft:sneak_time":742,"minecraft:walk_under_water_one_cm":206,"minecraft:jump":807,"minecraft:interact_with_brewingstand":6,"minecraft:walk_on_water_one_cm":896,"minecraft:total_world_time":41290,"minecraft:fall_one_cm":19756},"minecraft:used":{"born_in_chaos_v1:mint_ice_cream":4,"minecraft:cobblestone_stairs":6,"minecraft:snow_block":3,"minecraft:chest":2,"minecraft:wooden_pickaxe":26,"minecraft:blue_bed":1,"minecraft:cobblestone_slab":4,"minecraft:mossy_cobblestone":1,"minecraft:crafting_table":3,"simplyswords:diamond_claymore":13,"born_in_chaos_v1:holiday_candy":5,"cnc:black_bear_head":1,"minecraft:dark_oak_planks":1,"minecraft:iron_axe":33,"minecraft:bread":1,"minecraft:iron_pickaxe":14,"minecraft:item_frame":1,"minecraft:cobblestone":4,"minecraft:furnace":1,"minecraft:potato":12},"minecraft:picked_up":{"minecraft:oak_stairs":1,"minecraft:potato":11,"minecraft:oak_log":18,"minecraft:cobblestone_stairs":9,"cnc:black_bear_head":1,"minecraft:blue_bed":2,"minecraft:iron_axe":1,"born_in_chaos_v1:intoxicating_decoction":3,"minecraft:item_frame":3,"minecraft:white_carpet":4,"minecraft:red_carpet":2,"minecraft:bone":2,"bonfires:ash_pile":2,"minecraft:wheat_seeds":1,"minecraft:iron_ingot":5,"minecraft:cobblestone_slab":4,"minecraft:lectern":3,"minecraft:oak_planks":4,"minecraft:furnace":1,"minecraft:book":6,"minecraft:oak_door":2,"minecraft:oak_fence":1,"minecraft:torch":2,"minecraft:stripped_spruce_log":1,"minecraft:spruce_log":1,"minecraft:carrot":9,"minecraft:dark_oak_log":4,"minecraft:mossy_cobblestone":3,"simplyswords:diamond_spear":1,"minecraft:black_dye":5,"minecraft:arrow":1,"simplyswords:diamond_claymore":1,"minecraft:rotten_flesh":9,"irons_spellbooks:divine_pearl":1,"minecraft:hay_block":18,"minecraft:light_gray_carpet":12,"minecraft:coal":1,"minecraft:cobblestone":11},"minecraft:mined":{"minecraft:red_carpet":2,"minecraft:mossy_cobblestone":2,"minecraft:oak_door":2,"minecraft:cobblestone_stairs":9,"farmersdelight:wild_carrots":9,"minecraft:dark_oak_log":4,"minecraft:oak_fence":1,"minecraft:torch":1,"minecraft:lectern":2,"luminousworld:grassvariant_2":1,"minecraft:tall_grass":1,"minecraft:cobblestone":8,"minecraft:oak_planks":4,"minecraft:blue_bed":2,"minecraft:hay_block":18,"realmrpg_skeletons:bow_skeleton":1,"minecraft:furnace":1,"minecraft:white_carpet":3,"minecraft:stripped_spruce_log":1,"minecraft:grass":1,"minecraft:bookshelf":2,"minecraft:potatoes":8,"minecraft:oak_log":20,"minecraft:cobblestone_slab":3,"minecraft:oak_stairs":1,"minecraft:packed_ice":2},"minecraft:crafted":{"minecraft:oak_planks":72,"minecraft:crafting_table":3,"minecraft:spruce_planks":4,"minecraft:wooden_pickaxe":1,"minecraft:bread":54,"minecraft:stick":8,"minecraft:iron_pickaxe":1,"minecraft:wooden_axe":1,"minecraft:chest":2,"minecraft:dark_oak_planks":16,"minecraft:wheat":162}},"DataVersion":3465}