{"stats":{"minecraft:killed":{"minecraft:iron_golem":1,"minecraft:skeleton":1},"minecraft:dropped":{"born_in_chaos_v1:intoxicating_decoction":1,"minecraft:stripped_spruce_log":1,"minecraft:black_dye":5,"irons_spellbooks:divine_pearl":1,"minecraft:wheat_seeds":1,"simplyswords:diamond_spear":1,"minecraft:mossy_cobblestone":1,"born_in_chaos_v1:holiday_candy":4,"minecraft:cobblestone":1,"minecraft:light_gray_carpet":9,"minecraft:item_frame":2,"born_in_chaos_v1:mint_ice_cream":2,"minecraft:lectern":1},"minecraft:custom":{"minecraft:interact_with_smithing_table":1,"lootr:looted_stat":8,"minecraft:mob_kills":2,"minecraft:interact_with_crafting_table":10,"minecraft:open_barrel":13,"minecraft:leave_game":6,"minecraft:time_since_death":53290,"minecraft:sleep_in_bed":4,"minecraft:climb_one_cm":16506,"minecraft:time_since_rest":6651,"minecraft:sprint_one_cm":156723,"minecraft:damage_taken":469,"minecraft:walk_one_cm":414533,"minecraft:drop":20,"minecraft:damage_dealt":1709,"minecraft:swim_one_cm":7012,"minecraft:talked_to_villager":3,"minecraft:fly_one_cm":411098,"minecraft:open_chest":24,"minecraft:crouch_one_cm":7234,"minecraft:play_time":53290,"minecraft:sneak_time":1256,"minecraft:walk_under_water_one_cm":206,"minecraft:jump":953,"minecraft:interact_with_brewingstand":6,"minecraft:walk_on_water_one_cm":1222,"minecraft:total_world_time":53290,"minecraft:fall_one_cm":23632},"minecraft:used":{"minecraft:oak_fence":5,"born_in_chaos_v1:mint_ice_cream":4,"minecraft:cobblestone_stairs":8,"minecraft:snow_block":3,"minecraft:oak_planks":74,"minecraft:chest":4,"minecraft:wooden_pickaxe":26,"minecraft:blue_bed":3,"minecraft:cobblestone_slab":4,"minecraft:torch":6,"minecraft:mossy_cobblestone":1,"minecraft:crafting_table":3,"simplyswords:diamond_claymore":19,"born_in_chaos_v1:holiday_candy":5,"cnc:black_bear_head":1,"minecraft:dark_oak_planks":1,"minecraft:iron_axe":64,"minecraft:bread":6,"minecraft:iron_pickaxe":31,"minecraft:item_frame":1,"minecraft:cobblestone":15,"minecraft:furnace":1,"minecraft:potato":12,"minecraft:iron_leggings":1},"minecraft:picked_up":{"minecraft:oak_stairs":1,"minecraft:potato":11,"minecraft:oak_log":36,"minecraft:cobblestone_stairs":9,"cnc:black_bear_head":1,"minecraft:blue_bed":3,"minecraft:iron_axe":1,"born_in_chaos_v1:intoxicating_decoction":3,"minecraft:item_frame":3,"minecraft:white_carpet":4,"minecraft:red_carpet":2,"minecraft:bone":2,"bonfires:ash_pile":2,"minecraft:wheat_seeds":1,"minecraft:iron_ingot":10,"minecraft:cobblestone_slab":4,"minecraft:lectern":3,"minecraft:chest":1,"minecraft:oak_planks":11,"minecraft:furnace":1,"minecraft:book":6,"minecraft:oak_door":2,"minecraft:oak_fence":5,"minecraft:torch":6,"minecraft:stripped_spruce_log":1,"minecraft:spruce_log":1,"minecraft:carrot":9,"minecraft:dark_oak_log":4,"minecraft:mossy_cobblestone":5,"simplyswords:diamond_spear":1,"minecraft:black_dye":5,"minecraft:arrow":1,"simplyswords:diamond_claymore":1,"minecraft:rotten_flesh":9,"irons_spellbooks:divine_pearl":1,"minecraft:hay_block":18,"minecraft:light_gray_carpet":12,"minecraft:coal":1,"minecraft:cobblestone":26},"minecraft:mined":{"minecraft:red_carpet":2,"minecraft:mossy_cobblestone":4,"minecraft:oak_door":2,"minecraft:cobblestone_stairs":9,"farmersdelight:wild_carrots":9,"minecraft:dark_oak_log":4,"minecraft:oak_fence":5,"minecraft:torch":2,"minecraft:chest":1,"minecraft:lectern":2,"luminousworld:grassvariant_2":1,"minecraft:tall_grass":1,"minecraft:cobblestone":23,"minecraft:oak_planks":11,"minecraft:wall_torch":1,"minecraft:blue_bed":3,"minecraft:hay_block":18,"realmrpg_skeletons:bow_skeleton":1,"minecraft:furnace":1,"minecraft:white_carpet":3,"minecraft:stripped_spruce_log":1,"minecraft:grass":2,"minecraft:bookshelf":2,"minecraft:potatoes":8,"minecraft:oak_log":38,"minecraft:cobblestone_slab":3,"minecraft:oak_stairs":1,"minecraft:packed_ice":2},"minecraft:crafted":{"minecraft:oak_planks":144,"minecraft:crafting_table":3,"minecraft:spruce_planks":4,"minecraft:wooden_pickaxe":1,"minecraft:bread":54,"minecraft:stick":24,"minecraft:iron_pickaxe":1,"minecraft:wooden_axe":1,"minecraft:chest":3,"minecraft:iron_leggings":1,"minecraft:dark_oak_planks":16,"minecraft:torch":4,"minecraft:wheat":162}},"DataVersion":3465}