{"stats":{"minecraft:custom":{"minecraft:jump":70,"minecraft:time_since_rest":636,"minecraft:sprint_one_cm":16167,"lootr:looted_stat":2,"minecraft:leave_game":6,"minecraft:play_time":5290,"minecraft:time_since_death":5290,"minecraft:walk_one_cm":34212,"minecraft:sleep_in_bed":1,"minecraft:climb_one_cm":1392,"minecraft:total_world_time":5290,"minecraft:fall_one_cm":2098,"minecraft:fly_one_cm":29416},"minecraft:picked_up":{"minecraft:stripped_spruce_log":1,"minecraft:dark_oak_log":2,"minecraft:potato":11},"minecraft:mined":{"minecraft:dark_oak_log":2,"minecraft:potatoes":8,"minecraft:stripped_spruce_log":1},"minecraft:crafted":{"minecraft:dark_oak_planks":8}},"DataVersion":3465}