{"stats":{"minecraft:killed":{"minecraft:skeleton":1},"minecraft:dropped":{"minecraft:stripped_spruce_log":1,"born_in_chaos_v1:intoxicating_decoction":1,"minecraft:black_dye":5,"irons_spellbooks:divine_pearl":1,"simplyswords:diamond_spear":1,"born_in_chaos_v1:holiday_candy":4,"minecraft:cobblestone":1,"born_in_chaos_v1:mint_ice_cream":2},"minecraft:custom":{"minecraft:time_since_rest":9129,"minecraft:interact_with_smithing_table":1,"lootr:looted_stat":5,"minecraft:sprint_one_cm":106352,"minecraft:damage_taken":269,"minecraft:walk_one_cm":193818,"minecraft:mob_kills":1,"minecraft:drop":12,"minecraft:damage_dealt":146,"minecraft:swim_one_cm":7012,"minecraft:interact_with_crafting_table":1,"minecraft:talked_to_villager":1,"minecraft:fly_one_cm":330074,"minecraft:open_barrel":13,"minecraft:open_chest":5,"minecraft:crouch_one_cm":3201,"minecraft:play_time":29290,"minecraft:sneak_time":431,"minecraft:walk_under_water_one_cm":206,"minecraft:jump":664,"minecraft:interact_with_brewingstand":5,"minecraft:leave_game":6,"minecraft:walk_on_water_one_cm":896,"minecraft:time_since_death":29290,"minecraft:sleep_in_bed":2,"minecraft:climb_one_cm":12808,"minecraft:total_world_time":29290,"minecraft:fall_one_cm":13911},"minecraft:used":{"cnc:black_bear_head":1,"born_in_chaos_v1:mint_ice_cream":4,"minecraft:bread":1,"minecraft:blue_bed":1,"minecraft:wooden_pickaxe":25,"minecraft:crafting_table":2,"simplyswords:diamond_claymore":2,"born_in_chaos_v1:holiday_candy":5,"minecraft:potato":12},"minecraft:picked_up":{"minecraft:torch":1,"minecraft:potato":11,"minecraft:carrot":9,"minecraft:stripped_spruce_log":1,"minecraft:spruce_log":1,"minecraft:black_dye":5,"cnc:black_bear_head":1,"simplyswords:diamond_spear":1,"minecraft:dark_oak_log":4,"minecraft:mossy_cobblestone":1,"minecraft:blue_bed":2,"minecraft:iron_axe":1,"minecraft:red_carpet":2,"minecraft:white_carpet":4,"minecraft:item_frame":1,"born_in_chaos_v1:intoxicating_decoction":3,"simplyswords:diamond_claymore":1,"minecraft:bone":2,"minecraft:arrow":1,"bonfires:ash_pile":2,"minecraft:rotten_flesh":9,"irons_spellbooks:divine_pearl":1,"minecraft:wheat_seeds":1,"minecraft:cobblestone_slab":4,"minecraft:light_gray_carpet":3,"minecraft:coal":1,"minecraft:cobblestone":6,"minecraft:furnace":1},"minecraft:mined":{"minecraft:red_carpet":2,"realmrpg_skeletons:bow_skeleton":1,"minecraft:furnace":1,"minecraft:mossy_cobblestone":1,"minecraft:grass":1,"farmersdelight:wild_carrots":9,"minecraft:white_carpet":3,"minecraft:dark_oak_log":4,"minecraft:stripped_spruce_log":1,"minecraft:torch":1,"minecraft:potatoes":8,"minecraft:cobblestone_slab":3,"minecraft:packed_ice":2,"minecraft:cobblestone":3,"minecraft:blue_bed":2},"minecraft:crafted":{"minecraft:crafting_table":2,"minecraft:spruce_planks":4,"minecraft:stick":8,"minecraft:wooden_pickaxe":1,"minecraft:wooden_axe":1,"minecraft:dark_oak_planks":16}},"DataVersion":3465}