{"stats":{"minecraft:dropped":{"minecraft:iron_sword":1,"iceandfire:raw_silver":4,"iceandfire:silver_axe":1,"minecraft:baked_potato":1,"minecraft:golden_pickaxe":2,"minecraft:diamond":1,"minecraft:crafting_table":2,"iceandfire:dragonforge_ice_input":1,"minecraft:crossbow":1,"minecraft:cookie":11,"iceandfire:ectoplasm":3,"minecraft:raw_gold_block":1,"iceandfire:graveyard_soil":2,"iceandfire:sea_serpent_scales_teal":2,"minecraft:dirt":1,"minecraft:sand":5,"iceandfire:dread_shard":43,"minecraft:stone_axe":1,"minecraft:sugar_cane":7,"dynamictrees:oak_seed":2,"minecraft:iron_nugget":8,"minecraft:golden_chestplate":2,"minecraft:wheat":10,"iceandfire:sea_serpent_scales_deepblue":50,"minecraft:rotten_flesh":8,"dungeonsweaponry:dancers_sword":1,"minecraft:oak_planks":2,"minecraft:cooked_mutton":1,"minecraft:golden_shovel":1,"iceandfire:dragonforge_ice_brick":4,"iceandfire:shiny_scales":2,"minecraft:chainmail_chestplate":1,"minecraft:poppy":1,"minecraft:leather_chestplate":1,"iceandfire:ghost_chest":1,"minecraft:gunpowder":5,"iceandfire:tide_teal_helmet":2,"minecraft:melon_seeds":5,"minecraft:spruce_pressure_plate":1,"minecraft:leather_leggings":1,"iceandfire:dread_knight_sword":2,"minecraft:iron_bars":4,"iceandfire:tide_deepblue_chestplate":2,"minecraft:enchanted_book":1,"minecraft:iron_ingot":22,"minecraft:bread":18,"minecraft:wheat_seeds":1,"minecraft:cobbled_deepslate_stairs":5,"iceandfire:sea_serpent_scales_bronze":1,"minecraft:prismarine_shard":7,"minecraft:cobblestone":11,"minecraft:prismarine_crystals":22,"iceandfire:tide_bronze_leggings":1,"minecraft:copper_ingot":6,"minecraft:chainmail_helmet":2,"minecraft:coal":11,"minecraft:golden_apple":4,"minecraft:stick":2,"minecraft:cobweb":1,"tombstone:magic_scroll":2,"iceandfire:copper_nugget":1,"tombstone:grave_key":2,"minecraft:wooden_axe":2,"minecraft:cooked_salmon":2,"epicfight:iron_greatsword":2,"tombstone:grave_dust":15,"epicfight:stone_greatsword":1,"minecraft:white_banner":1,"minecraft:iron_axe":1,"minecraft:string":4,"minecraft:bucket":1,"iceandfire:frozen_cobblestone":5,"iceandfire:dragonbone":8,"iceandfire:tide_bronze_chestplate":1,"minecraft:raw_copper":8,"minecraft:bowl":1,"iceandfire:witherbone":15,"minecraft:light_gray_wool":1,"iceandfire:dragonbone_sword_ice":2,"minecraft:torchflower_seeds":3,"minecraft:filled_map":1,"minecraft:potato":4,"iceandfire:tide_bronze_boots":1,"minecraft:spider_eye":3,"minecraft:stone_bricks":1,"minecraft:sandstone":2,"minecraft:bow":2,"minecraft:wooden_pickaxe":1},"minecraft:broken":{"iceandfire:tide_bronze_leggings":1,"minecraft:golden_helmet":1,"iceandfire:tide_bronze_chestplate":1,"iceandfire:tide_bronze_boots":1,"iceandfire:tide_bronze_helmet":1},"minecraft:custom":{"minecraft:interact_with_crafting_table":47,"minecraft:open_barrel":61,"minecraft:leave_game":2,"minecraft:time_since_death":94587,"minecraft:sprint_one_cm":482786,"minecraft:damage_blocked_by_shield":285,"minecraft:drop":163,"minecraft:talked_to_villager":1,"minecraft:play_time":192872,"minecraft:deaths":17,"minecraft:jump":2635,"minecraft:walk_on_water_one_cm":149589,"minecraft:interact_with_furnace":28,"minecraft:damage_dealt":50594,"minecraft:player_kills":4,"minecraft:crouch_one_cm":9718,"tombstone:undead_killed":86,"tombstone:villager_killed":1,"minecraft:use_cauldron":1,"minecraft:interact_with_smithing_table":1,"minecraft:mob_kills":181,"minecraft:climb_one_cm":14292,"minecraft:walk_one_cm":772496,"minecraft:sneak_time":4301,"minecraft:walk_under_water_one_cm":200334,"minecraft:boat_one_cm":28073,"minecraft:total_world_time":192872,"tombstone:raider_killed":30,"minecraft:time_since_rest":94507,"minecraft:damage_taken":19618,"minecraft:damage_absorbed":199,"minecraft:trigger_trapped_chest":7,"minecraft:swim_one_cm":907389,"minecraft:fly_one_cm":806714,"minecraft:open_chest":136,"minecraft:fall_one_cm":68335},"minecraft:killed":{"minecraft:cave_spider":1,"minecraft:spider":8,"iceandfire:stymphalian_bird":2,"minecraft:skeleton":5,"iceandfire:dread_scuttler":5,"dungeonsweaponry:nameless_one":2,"minecraft:creeper":6,"minecraft:sheep":4,"minecraft:pillager":28,"minecraft:zombie":7,"iceandfire:dread_ghoul":17,"iceandfire:sea_serpent":6,"minecraft:cow":11,"minecraft:evoker":2,"minecraft:vex":2,"minecraft:allay":1,"dungeonsweaponry:vanguard":8,"iceandfire:dread_knight":10,"iceandfire:dread_thrall":42,"iceandfire:siren":3,"minecraft:drowned":2,"iceandfire:ghost":3,"minecraft:villager":1,"minecraft:enderman":3},"minecraft:crafted":{"minecraft:oak_planks":80,"minecraft:stone":8,"iceandfire:tide_deepblue_chestplate":1,"minecraft:cooked_mutton":2,"iceandfire:dragonbone_arrow":30,"minecraft:chest":1,"minecraft:crafting_table":6,"minecraft:spruce_planks":20,"minecraft:wooden_pickaxe":1,"iceandfire:wither_shard":6,"iceandfire:dragonbone_bow":1,"biomesoplenty:fir_planks":22,"iceandfire:dragonbone_sword_ice":1,"minecraft:shield":1,"iceandfire:tide_teal_helmet":2,"minecraft:stick":24,"minecraft:iron_ingot":4,"minecraft:gold_ingot":18,"minecraft:furnace":3,"iceandfire:tide_bronze_boots":2,"iceandfire:tide_bronze_leggings":2,"minecraft:iron_axe":1,"minecraft:ladder":9,"iceandfire:tide_bronze_helmet":1,"minecraft:stone_pickaxe":1,"epicfight:iron_greatsword":1,"minecraft:dark_oak_planks":16,"minecraft:cooked_beef":10,"iceandfire:dragonbone_sword":1,"iceandfire:silver_ingot":3,"epicfight:stone_greatsword":1,"iceandfire:tide_bronze_chestplate":2,"minecraft:stone_axe":1,"minecraft:air":0,"minecraft:oak_boat":1,"minecraft:wooden_axe":1,"iceandfire:silver_pickaxe":1},"minecraft:killed_by":{"iceandfire:siren":1,"iceandfire:dread_ghoul":1,"iceandfire:sea_serpent":3,"minecraft:player":5,"iceandfire:dread_beast":1,"iceandfire:dread_thrall":1,"iceandfire:dread_knight":3},"minecraft:used":{"minecraft:ladder":18,"minecraft:chest":1,"minecraft:shield":4,"minecraft:carrot":4,"dungeonsweaponry:dancers_sword":2,"minecraft:snowball":7,"biomesoplenty:white_petals":2,"minecraft:furnace":6,"iceandfire:frozen_cobblestone":7,"epicfight:skillbook":2,"minecraft:stone_pickaxe":51,"minecraft:oak_planks":20,"iceandfire:dragonbone_sword_ice":1,"minecraft:ender_pearl":1,"minecraft:wooden_pickaxe":6,"minecraft:golden_apple":3,"iceandfire:silver_pickaxe":264,"minecraft:oak_boat":1,"minecraft:experience_bottle":1,"dynamictrees:oak_seed":2,"minecraft:cooked_salmon":2,"minecraft:dirt":5,"minecraft:wooden_axe":16,"minecraft:dark_oak_planks":4,"epicfight:iron_greatsword":191,"minecraft:iron_axe":39,"minecraft:totem_of_undying":1,"epicfight:stone_greatsword":35,"minecraft:barrel":1,"minecraft:light_gray_wool":1,"minecraft:beef":2,"tombstone:gift":5,"minecraft:cooked_beef":70,"minecraft:cooked_mutton":3,"minecraft:water_bucket":9,"tombstone:scroll_of_reach":2,"minecraft:baked_potato":18,"iceandfire:dread_knight_sword":193,"minecraft:crafting_table":9,"dungeonsweaponry:guardian_bow":1,"tombstone:bag_of_seeds":1,"iceandfire:dragonbone_bow":2,"minecraft:suspicious_stew":1,"tombstone:magic_scroll":2,"minecraft:stone_axe":17,"minecraft:cobblestone":10,"minecraft:bucket":8},"minecraft:picked_up":{"minecraft:wooden_axe":3,"minecraft:wheat":1,"minecraft:chainmail_boots":2,"minecraft:prismarine_shard":7,"minecraft:enchanted_book":1,"tombstone:grave_key":1,"iceandfire:tide_teal_helmet":1,"minecraft:string":9,"minecraft:raw_copper":8,"iceandfire:sea_serpent_scales_teal":13,"iceandfire:sea_serpent_scales_bronze":46,"minecraft:cobbled_deepslate":8,"minecraft:bucket":1,"iceandfire:dragonforge_ice_brick":4,"dynamictrees:oak_seed":4,"minecraft:furnace":9,"minecraft:spruce_pressure_plate":1,"minecraft:stick":31,"iceandfire:ghost_chest":1,"iceandfire:dread_sword":2,"epicfight:skillbook":3,"tombstone:grave_dust":17,"minecraft:rotten_flesh":14,"minecraft:iron_bars":6,"minecraft:snowball":7,"minecraft:cobblestone":178,"minecraft:sponge":6,"minecraft:cooked_beef":79,"biomesoplenty:fir_log":6,"minecraft:flint":1,"minecraft:tuff":7,"minecraft:dirt":8,"iceandfire:dragonbone_sword_ice":1,"iceandfire:tide_bronze_chestplate":1,"minecraft:bone":62,"epicfight:iron_greatsword":1,"minecraft:bow":2,"minecraft:wheat_seeds":3,"minecraft:oak_planks":40,"iceandfire:shiny_scales":2,"minecraft:sand":21,"minecraft:dark_oak_log":4,"minecraft:barrel":1,"minecraft:diamond":2,"minecraft:crossbow":1,"minecraft:golden_apple":4,"minecraft:emerald":161,"minecraft:chainmail_helmet":2,"iceandfire:raw_silver":7,"minecraft:crafting_table":9,"minecraft:ladder":9,"iceandfire:witherbone":15,"minecraft:wooden_pickaxe":1,"minecraft:gold_block":2,"iceandfire:frozen_cobblestone":12,"minecraft:shield":2,"minecraft:iron_axe":1,"iceandfire:tide_deepblue_chestplate":1,"iceandfire:graveyard_soil":2,"minecraft:beef":23,"iceandfire:dread_knight_sword":3,"iceandfire:dread_shard":49,"minecraft:poppy":1,"minecraft:iron_nugget":2,"minecraft:light_gray_wool":2,"minecraft:sugar_cane":7,"minecraft:chest":1,"minecraft:raw_iron":3,"minecraft:sandstone":2,"iceandfire:dragonbone":8,"minecraft:raw_gold_block":2,"minecraft:copper_ingot":6,"minecraft:prismarine_crystals":22,"minecraft:arrow":4,"minecraft:stripped_dark_oak_wood":1,"minecraft:totem_of_undying":3,"minecraft:mutton":6,"minecraft:white_wool":3,"iceandfire:silver_axe":1,"iceandfire:sea_serpent_fang":35,"minecraft:leather":3,"minecraft:oak_log":20,"minecraft:chainmail_chestplate":2,"iceandfire:ectoplasm":3,"minecraft:cobbled_deepslate_stairs":5,"minecraft:gunpowder":5,"tombstone:gift":2,"minecraft:white_banner":1,"minecraft:cooked_mutton":2,"minecraft:stone_bricks":2,"minecraft:iron_ingot":3,"minecraft:cobweb":1,"tombstone:bag_of_seeds":1,"iceandfire:sea_serpent_scales_deepblue":58,"iceandfire:copper_nugget":1,"epicfight:stone_greatsword":2,"minecraft:torchflower_seeds":3,"minecraft:gravel":2,"dungeonsweaponry:dancers_sword":1,"minecraft:spruce_log":5,"minecraft:spider_eye":4,"iceandfire:silver_pickaxe":1,"minecraft:stone_axe":2,"minecraft:chainmail_leggings":1,"iceandfire:dragonforge_ice_input":1,"minecraft:baked_potato":1,"tombstone:magic_scroll":2,"minecraft:melon_seeds":5,"minecraft:coal":51,"minecraft:ender_pearl":2},"minecraft:mined":{"minecraft:cobbled_deepslate_stairs":3,"minecraft:grass_block":4,"minecraft:spawner":3,"minecraft:iron_ore":4,"minecraft:stripped_dark_oak_wood":1,"minecraft:iron_bars":6,"iceandfire:ghost_chest":1,"minecraft:chest":1,"minecraft:cobblestone":11,"minecraft:sugar_cane":4,"minecraft:wall_torch":1,"biomesoplenty:fir_log":6,"iceandfire:dragonforge_ice_input":1,"minecraft:grass":5,"minecraft:oak_log":1,"minecraft:sand":19,"minecraft:dirt":4,"dungeonsweaponry:emerald_pot":11,"minecraft:deepslate":9,"minecraft:tuff":7,"biomesoplenty:watergrass":1,"iceandfire:silver_ore":5,"minecraft:dark_oak_log":1,"iceandfire:frozen_cobblestone":10,"minecraft:ladder":9,"iceandfire:frozen_stone":9,"iceandfire:dragonforge_ice_brick":4,"minecraft:furnace":5,"minecraft:raw_gold_block":2,"minecraft:gold_block":2,"minecraft:vine":1,"minecraft:stone":158,"biomesoplenty:spider_egg":1,"minecraft:crafting_table":7,"minecraft:sponge":6,"minecraft:lightning_rod":1,"minecraft:tall_grass":1,"minecraft:copper_ore":1,"minecraft:coal_ore":50,"minecraft:gravel":3,"minecraft:cobweb":1,"dynamictrees:oak_sapling":1,"minecraft:stone_bricks":5,"minecraft:fern":1}},"DataVersion":3465}