{"stats":{"minecraft:dropped":{"minecraft:iron_sword":1,"iceandfire:raw_silver":4,"iceandfire:silver_axe":1,"minecraft:golden_pickaxe":2,"minecraft:crafting_table":2,"minecraft:prismarine_shard":7,"minecraft:cookie":11,"minecraft:cobblestone":11,"minecraft:prismarine_crystals":22,"iceandfire:ectoplasm":3,"minecraft:copper_ingot":6,"iceandfire:graveyard_soil":2,"minecraft:cobweb":1,"minecraft:dirt":1,"iceandfire:copper_nugget":1,"tombstone:grave_key":2,"minecraft:wooden_axe":2,"minecraft:cooked_salmon":2,"tombstone:grave_dust":4,"epicfight:stone_greatsword":1,"minecraft:sand":5,"minecraft:stone_axe":1,"minecraft:sugar_cane":7,"minecraft:iron_nugget":8,"dynamictrees:oak_seed":2,"minecraft:golden_chestplate":2,"minecraft:bowl":1,"minecraft:wheat":1,"minecraft:rotten_flesh":2,"minecraft:light_gray_wool":1,"minecraft:cooked_mutton":1,"minecraft:golden_shovel":1,"iceandfire:shiny_scales":2,"minecraft:filled_map":1,"minecraft:poppy":1,"minecraft:potato":4,"iceandfire:ghost_chest":1,"minecraft:gunpowder":1,"minecraft:spruce_pressure_plate":1,"minecraft:leather_leggings":1,"minecraft:spider_eye":1,"minecraft:sandstone":2,"minecraft:iron_bars":4,"minecraft:bow":2,"minecraft:wooden_pickaxe":1},"minecraft:broken":{"minecraft:golden_helmet":1},"minecraft:killed":{"dungeonsweaponry:vanguard":2,"minecraft:spider":1,"iceandfire:stymphalian_bird":2,"iceandfire:siren":3,"minecraft:drowned":1,"dungeonsweaponry:nameless_one":1,"minecraft:creeper":3,"minecraft:sheep":4,"minecraft:zombie":6,"iceandfire:ghost":2,"minecraft:villager":1,"minecraft:enderman":1,"iceandfire:sea_serpent":5,"minecraft:cow":4},"minecraft:custom":{"minecraft:mob_kills":37,"minecraft:interact_with_crafting_table":22,"minecraft:open_barrel":33,"minecraft:leave_game":2,"minecraft:time_since_death":2535,"minecraft:climb_one_cm":1428,"minecraft:sprint_one_cm":200973,"minecraft:walk_one_cm":289499,"minecraft:damage_blocked_by_shield":285,"minecraft:drop":80,"minecraft:talked_to_villager":1,"minecraft:play_time":78872,"minecraft:deaths":11,"minecraft:sneak_time":2687,"minecraft:walk_under_water_one_cm":147598,"minecraft:boat_one_cm":28073,"minecraft:jump":1059,"minecraft:walk_on_water_one_cm":70494,"minecraft:total_world_time":78872,"minecraft:interact_with_furnace":23,"minecraft:time_since_rest":2410,"minecraft:damage_taken":11635,"minecraft:damage_dealt":16056,"minecraft:swim_one_cm":531935,"minecraft:fly_one_cm":331665,"minecraft:player_kills":1,"minecraft:open_chest":39,"minecraft:crouch_one_cm":6248,"tombstone:undead_killed":9,"tombstone:villager_killed":1,"minecraft:fall_one_cm":25499},"minecraft:crafted":{"minecraft:oak_planks":64,"minecraft:furnace":2,"minecraft:cooked_mutton":2,"minecraft:iron_axe":1,"epicfight:iron_greatsword":1,"minecraft:stone_pickaxe":1,"minecraft:cooked_beef":10,"iceandfire:silver_ingot":3,"minecraft:crafting_table":2,"minecraft:wooden_pickaxe":1,"epicfight:stone_greatsword":1,"minecraft:stone_axe":1,"minecraft:air":0,"biomesoplenty:fir_planks":22,"minecraft:oak_boat":1,"minecraft:shield":1,"minecraft:stick":4,"minecraft:iron_ingot":4,"minecraft:wooden_axe":1,"iceandfire:silver_pickaxe":1},"minecraft:used":{"minecraft:shield":4,"dynamictrees:oak_seed":2,"minecraft:cooked_salmon":2,"minecraft:dirt":5,"minecraft:snowball":7,"minecraft:wooden_axe":16,"epicfight:iron_greatsword":96,"minecraft:iron_axe":19,"biomesoplenty:white_petals":2,"epicfight:stone_greatsword":35,"minecraft:light_gray_wool":1,"minecraft:furnace":4,"tombstone:gift":2,"minecraft:cooked_beef":26,"minecraft:cooked_mutton":3,"minecraft:stone_pickaxe":51,"minecraft:baked_potato":1,"minecraft:oak_planks":14,"minecraft:wooden_pickaxe":6,"minecraft:crafting_table":5,"iceandfire:silver_pickaxe":49,"minecraft:suspicious_stew":1,"tombstone:magic_scroll":2,"minecraft:stone_axe":17,"minecraft:cobblestone":1,"minecraft:oak_boat":1,"minecraft:experience_bottle":1},"minecraft:killed_by":{"minecraft:player":5,"iceandfire:siren":1,"iceandfire:sea_serpent":3},"minecraft:picked_up":{"minecraft:wooden_axe":3,"minecraft:crafting_table":7,"minecraft:wheat":1,"minecraft:prismarine_shard":7,"minecraft:wooden_pickaxe":1,"minecraft:gold_block":2,"tombstone:grave_key":1,"minecraft:shield":2,"minecraft:iron_axe":1,"iceandfire:sea_serpent_scales_bronze":46,"iceandfire:graveyard_soil":2,"minecraft:beef":10,"minecraft:iron_nugget":2,"minecraft:poppy":1,"dynamictrees:oak_seed":4,"minecraft:light_gray_wool":2,"minecraft:sugar_cane":7,"minecraft:furnace":8,"minecraft:sandstone":2,"minecraft:spruce_pressure_plate":1,"minecraft:stick":20,"minecraft:raw_iron":3,"iceandfire:ghost_chest":1,"minecraft:raw_gold_block":1,"minecraft:copper_ingot":6,"tombstone:grave_dust":4,"minecraft:prismarine_crystals":22,"minecraft:rotten_flesh":3,"minecraft:mutton":6,"minecraft:iron_bars":4,"minecraft:snowball":7,"minecraft:white_wool":3,"minecraft:cobblestone":41,"minecraft:sponge":3,"iceandfire:silver_axe":1,"minecraft:cooked_beef":79,"iceandfire:sea_serpent_fang":32,"minecraft:leather":3,"biomesoplenty:fir_log":6,"minecraft:oak_log":16,"iceandfire:ectoplasm":3,"minecraft:gunpowder":1,"minecraft:dirt":6,"tombstone:gift":1,"minecraft:cooked_mutton":2,"minecraft:bone":2,"minecraft:stone_bricks":1,"minecraft:bow":2,"minecraft:iron_ingot":1,"minecraft:cobweb":1,"minecraft:oak_planks":40,"iceandfire:sea_serpent_scales_deepblue":33,"iceandfire:copper_nugget":1,"epicfight:stone_greatsword":2,"minecraft:sand":5,"iceandfire:shiny_scales":2,"minecraft:spider_eye":1,"iceandfire:silver_pickaxe":1,"minecraft:stone_axe":2,"minecraft:emerald":46,"minecraft:coal":43,"iceandfire:raw_silver":7,"minecraft:ender_pearl":1},"minecraft:mined":{"biomesoplenty:watergrass":1,"iceandfire:silver_ore":5,"minecraft:grass_block":4,"minecraft:spawner":1,"minecraft:furnace":4,"minecraft:raw_gold_block":1,"minecraft:iron_ore":3,"minecraft:gold_block":2,"minecraft:vine":1,"minecraft:iron_bars":4,"minecraft:stone":27,"minecraft:crafting_table":6,"minecraft:sponge":3,"iceandfire:ghost_chest":1,"minecraft:lightning_rod":1,"minecraft:tall_grass":1,"minecraft:cobblestone":1,"minecraft:sugar_cane":4,"minecraft:wall_torch":1,"biomesoplenty:fir_log":6,"minecraft:grass":3,"minecraft:oak_log":1,"minecraft:coal_ore":43,"minecraft:sand":2,"minecraft:dirt":2,"dynamictrees:oak_sapling":1,"dungeonsweaponry:emerald_pot":3,"minecraft:stone_bricks":1,"minecraft:fern":1}},"DataVersion":3465}