{"stats":{"minecraft:dropped":{"minecraft:iron_sword":1,"minecraft:stone_axe":1,"minecraft:sugar_cane":7,"dynamictrees:oak_seed":2,"minecraft:golden_chestplate":1,"iceandfire:silver_axe":1,"minecraft:bowl":1,"minecraft:prismarine_shard":2,"minecraft:prismarine_crystals":8,"minecraft:cobblestone":11,"minecraft:rotten_flesh":2,"minecraft:light_gray_wool":1,"iceandfire:ectoplasm":3,"minecraft:cooked_mutton":1,"minecraft:copper_ingot":3,"iceandfire:shiny_scales":2,"iceandfire:graveyard_soil":1,"minecraft:filled_map":1,"minecraft:cobweb":1,"iceandfire:ghost_chest":1,"minecraft:gunpowder":1,"iceandfire:copper_nugget":1,"tombstone:grave_key":2,"minecraft:wooden_axe":2,"minecraft:cooked_salmon":1,"tombstone:grave_dust":4,"minecraft:spider_eye":1,"minecraft:iron_bars":2,"minecraft:sand":2,"minecraft:bow":1,"minecraft:wooden_pickaxe":1},"minecraft:killed":{"minecraft:spider":1,"iceandfire:stymphalian_bird":2,"minecraft:creeper":3,"minecraft:sheep":4,"minecraft:zombie":3,"iceandfire:ghost":2,"iceandfire:siren":1,"iceandfire:sea_serpent":2,"minecraft:cow":4},"minecraft:custom":{"minecraft:interact_with_furnace":23,"minecraft:mob_kills":23,"minecraft:interact_with_crafting_table":16,"minecraft:open_barrel":10,"minecraft:leave_game":2,"minecraft:time_since_death":17269,"minecraft:climb_one_cm":808,"minecraft:time_since_rest":16995,"minecraft:sprint_one_cm":171285,"minecraft:damage_taken":7628,"minecraft:walk_one_cm":231672,"minecraft:damage_blocked_by_shield":285,"minecraft:drop":47,"minecraft:damage_dealt":5782,"minecraft:player_kills":1,"minecraft:swim_one_cm":171700,"minecraft:fly_one_cm":302955,"minecraft:open_chest":11,"minecraft:play_time":54872,"minecraft:crouch_one_cm":5898,"tombstone:undead_killed":5,"minecraft:deaths":7,"minecraft:sneak_time":2368,"minecraft:walk_under_water_one_cm":42855,"minecraft:boat_one_cm":28073,"minecraft:jump":961,"minecraft:walk_on_water_one_cm":39109,"minecraft:total_world_time":54872,"minecraft:fall_one_cm":24046},"minecraft:crafted":{"minecraft:cooked_beef":10,"minecraft:oak_planks":64,"iceandfire:silver_ingot":3,"minecraft:crafting_table":2,"minecraft:wooden_pickaxe":1,"minecraft:furnace":2,"epicfight:stone_greatsword":1,"minecraft:stone_axe":1,"minecraft:cooked_mutton":2,"minecraft:air":0,"biomesoplenty:fir_planks":22,"minecraft:oak_boat":1,"minecraft:shield":1,"minecraft:iron_axe":1,"minecraft:stick":4,"minecraft:iron_ingot":3,"minecraft:stone_pickaxe":1,"minecraft:wooden_axe":1,"iceandfire:silver_pickaxe":1},"minecraft:killed_by":{"minecraft:player":5,"iceandfire:siren":1},"minecraft:used":{"minecraft:cooked_mutton":3,"minecraft:stone_pickaxe":51,"minecraft:oak_planks":8,"minecraft:wooden_pickaxe":6,"minecraft:shield":4,"dynamictrees:oak_seed":2,"minecraft:cooked_salmon":2,"minecraft:dirt":5,"minecraft:crafting_table":3,"minecraft:snowball":7,"iceandfire:silver_pickaxe":33,"minecraft:wooden_axe":16,"minecraft:suspicious_stew":1,"minecraft:iron_axe":17,"biomesoplenty:white_petals":2,"epicfight:stone_greatsword":35,"minecraft:light_gray_wool":1,"minecraft:stone_axe":17,"minecraft:cobblestone":1,"minecraft:furnace":4,"tombstone:gift":2,"minecraft:oak_boat":1,"minecraft:cooked_beef":10},"minecraft:picked_up":{"minecraft:wooden_axe":3,"iceandfire:silver_axe":1,"minecraft:crafting_table":4,"minecraft:cooked_beef":15,"minecraft:prismarine_shard":2,"minecraft:leather":3,"minecraft:wooden_pickaxe":1,"biomesoplenty:fir_log":6,"minecraft:gold_block":2,"minecraft:oak_log":16,"tombstone:grave_key":1,"iceandfire:ectoplasm":3,"minecraft:shield":2,"minecraft:gunpowder":1,"minecraft:dirt":5,"tombstone:gift":1,"minecraft:iron_axe":1,"minecraft:cooked_mutton":2,"minecraft:bone":2,"iceandfire:sea_serpent_scales_bronze":4,"iceandfire:graveyard_soil":1,"minecraft:bow":1,"minecraft:iron_ingot":1,"minecraft:beef":10,"minecraft:cobweb":1,"dynamictrees:oak_seed":4,"minecraft:light_gray_wool":2,"iceandfire:sea_serpent_scales_deepblue":8,"minecraft:sugar_cane":7,"minecraft:oak_planks":40,"minecraft:furnace":8,"minecraft:stick":20,"minecraft:raw_iron":3,"iceandfire:copper_nugget":1,"iceandfire:ghost_chest":1,"epicfight:stone_greatsword":2,"minecraft:copper_ingot":3,"iceandfire:shiny_scales":2,"minecraft:sand":2,"tombstone:grave_dust":4,"minecraft:prismarine_crystals":8,"minecraft:spider_eye":1,"iceandfire:silver_pickaxe":1,"minecraft:rotten_flesh":2,"minecraft:stone_axe":2,"iceandfire:raw_silver":5,"minecraft:mutton":6,"minecraft:iron_bars":2,"minecraft:coal":43,"minecraft:snowball":7,"minecraft:white_wool":3,"minecraft:cobblestone":41},"minecraft:mined":{"biomesoplenty:watergrass":1,"iceandfire:silver_ore":5,"minecraft:crafting_table":4,"minecraft:grass_block":4,"iceandfire:ghost_chest":1,"minecraft:tall_grass":1,"minecraft:cobblestone":1,"minecraft:sugar_cane":4,"minecraft:furnace":4,"minecraft:iron_ore":3,"biomesoplenty:fir_log":6,"minecraft:gold_block":2,"minecraft:grass":3,"minecraft:coal_ore":43,"minecraft:oak_log":1,"minecraft:vine":1,"minecraft:iron_bars":2,"minecraft:sand":2,"minecraft:dirt":2,"dynamictrees:oak_sapling":1,"minecraft:stone":27,"minecraft:fern":1}},"DataVersion":3465}