{"stats":{"minecraft:dropped":{"minecraft:enchanted_book":1,"minecraft:iron_ingot":22,"minecraft:bread":18,"minecraft:iron_sword":1,"iceandfire:raw_silver":4,"minecraft:wheat_seeds":1,"minecraft:baked_potato":1,"iceandfire:silver_axe":1,"minecraft:golden_pickaxe":2,"iceandfire:sea_serpent_scales_bronze":1,"minecraft:diamond":1,"minecraft:crafting_table":2,"iceandfire:dragonforge_ice_input":1,"minecraft:prismarine_shard":7,"minecraft:cookie":11,"minecraft:cobblestone":11,"minecraft:prismarine_crystals":22,"iceandfire:tide_bronze_leggings":1,"iceandfire:ectoplasm":3,"minecraft:golden_apple":4,"minecraft:copper_ingot":6,"minecraft:chainmail_helmet":2,"minecraft:coal":11,"minecraft:raw_gold_block":1,"iceandfire:graveyard_soil":2,"minecraft:stick":2,"iceandfire:sea_serpent_scales_teal":2,"minecraft:cobweb":1,"minecraft:dirt":1,"tombstone:magic_scroll":2,"iceandfire:copper_nugget":1,"tombstone:grave_key":2,"minecraft:wooden_axe":2,"epicfight:iron_greatsword":2,"minecraft:cooked_salmon":2,"tombstone:grave_dust":15,"epicfight:stone_greatsword":1,"minecraft:white_banner":1,"minecraft:sand":5,"minecraft:string":2,"minecraft:bucket":1,"iceandfire:dread_shard":43,"iceandfire:dragonbone":8,"iceandfire:frozen_cobblestone":5,"minecraft:stone_axe":1,"iceandfire:tide_bronze_chestplate":1,"minecraft:sugar_cane":7,"minecraft:iron_nugget":8,"dynamictrees:oak_seed":2,"minecraft:golden_chestplate":2,"minecraft:bowl":1,"minecraft:wheat":1,"iceandfire:sea_serpent_scales_deepblue":50,"iceandfire:witherbone":15,"minecraft:rotten_flesh":8,"dungeonsweaponry:dancers_sword":1,"minecraft:light_gray_wool":1,"minecraft:oak_planks":2,"iceandfire:dragonbone_sword_ice":2,"minecraft:cooked_mutton":1,"minecraft:golden_shovel":1,"minecraft:torchflower_seeds":3,"iceandfire:dragonforge_ice_brick":4,"minecraft:chainmail_chestplate":1,"iceandfire:shiny_scales":2,"minecraft:filled_map":1,"minecraft:poppy":1,"minecraft:potato":4,"iceandfire:ghost_chest":1,"minecraft:gunpowder":3,"minecraft:melon_seeds":5,"iceandfire:tide_bronze_boots":1,"iceandfire:tide_teal_helmet":2,"minecraft:spruce_pressure_plate":1,"iceandfire:dread_knight_sword":2,"minecraft:leather_leggings":1,"minecraft:stone_bricks":1,"minecraft:spider_eye":2,"minecraft:sandstone":2,"minecraft:iron_bars":4,"minecraft:bow":2,"minecraft:wooden_pickaxe":1,"iceandfire:tide_deepblue_chestplate":2},"minecraft:broken":{"minecraft:golden_helmet":1,"iceandfire:tide_bronze_boots":1,"iceandfire:tide_bronze_helmet":1},"minecraft:custom":{"minecraft:mob_kills":148,"minecraft:interact_with_crafting_table":41,"minecraft:open_barrel":58,"minecraft:leave_game":2,"minecraft:time_since_death":70587,"minecraft:climb_one_cm":5644,"minecraft:sprint_one_cm":407637,"minecraft:walk_one_cm":623133,"minecraft:damage_blocked_by_shield":285,"minecraft:drop":147,"minecraft:talked_to_villager":1,"minecraft:play_time":168872,"minecraft:deaths":17,"minecraft:sneak_time":4089,"minecraft:walk_under_water_one_cm":196989,"minecraft:boat_one_cm":28073,"minecraft:jump":2370,"minecraft:walk_on_water_one_cm":148046,"minecraft:total_world_time":168872,"minecraft:interact_with_furnace":23,"tombstone:raider_killed":3,"minecraft:time_since_rest":70507,"minecraft:damage_absorbed":199,"minecraft:damage_taken":18148,"minecraft:trigger_trapped_chest":7,"minecraft:damage_dealt":43534,"minecraft:swim_one_cm":904829,"minecraft:fly_one_cm":755118,"minecraft:player_kills":4,"minecraft:open_chest":114,"minecraft:crouch_one_cm":8505,"tombstone:undead_killed":84,"tombstone:villager_killed":1,"minecraft:fall_one_cm":54801},"minecraft:killed":{"minecraft:evoker":2,"minecraft:vex":2,"minecraft:cave_spider":1,"dungeonsweaponry:vanguard":8,"minecraft:spider":7,"iceandfire:stymphalian_bird":2,"minecraft:skeleton":3,"iceandfire:dread_knight":10,"iceandfire:dread_thrall":42,"iceandfire:siren":3,"minecraft:drowned":2,"iceandfire:dread_scuttler":5,"dungeonsweaponry:nameless_one":2,"minecraft:creeper":5,"minecraft:sheep":4,"minecraft:pillager":1,"minecraft:zombie":7,"iceandfire:ghost":3,"iceandfire:dread_ghoul":17,"minecraft:villager":1,"minecraft:enderman":3,"iceandfire:sea_serpent":6,"minecraft:cow":11},"minecraft:crafted":{"minecraft:oak_planks":64,"minecraft:furnace":2,"iceandfire:tide_deepblue_chestplate":1,"iceandfire:tide_bronze_boots":2,"iceandfire:tide_bronze_leggings":2,"minecraft:cooked_mutton":2,"minecraft:iron_axe":1,"iceandfire:tide_bronze_helmet":1,"iceandfire:dragonbone_arrow":30,"epicfight:iron_greatsword":1,"minecraft:stone_pickaxe":1,"minecraft:dark_oak_planks":8,"minecraft:cooked_beef":10,"iceandfire:dragonbone_sword":1,"iceandfire:silver_ingot":3,"minecraft:crafting_table":6,"minecraft:spruce_planks":20,"minecraft:wooden_pickaxe":1,"iceandfire:wither_shard":6,"epicfight:stone_greatsword":1,"iceandfire:tide_bronze_chestplate":2,"minecraft:stone_axe":1,"minecraft:air":0,"iceandfire:dragonbone_bow":1,"biomesoplenty:fir_planks":22,"minecraft:oak_boat":1,"iceandfire:dragonbone_sword_ice":1,"minecraft:shield":1,"iceandfire:tide_teal_helmet":2,"minecraft:stick":4,"minecraft:iron_ingot":4,"minecraft:wooden_axe":1,"minecraft:gold_ingot":18,"iceandfire:silver_pickaxe":1},"minecraft:used":{"minecraft:shield":4,"dynamictrees:oak_seed":2,"minecraft:cooked_salmon":2,"minecraft:dirt":5,"dungeonsweaponry:dancers_sword":2,"minecraft:carrot":3,"minecraft:snowball":7,"minecraft:dark_oak_planks":4,"minecraft:wooden_axe":16,"epicfight:iron_greatsword":191,"minecraft:iron_axe":26,"biomesoplenty:white_petals":2,"minecraft:totem_of_undying":1,"epicfight:stone_greatsword":35,"minecraft:barrel":1,"minecraft:light_gray_wool":1,"minecraft:beef":2,"minecraft:furnace":4,"tombstone:gift":4,"iceandfire:frozen_cobblestone":7,"minecraft:cooked_beef":56,"minecraft:cooked_mutton":3,"epicfight:skillbook":1,"minecraft:water_bucket":4,"tombstone:scroll_of_reach":2,"minecraft:stone_pickaxe":51,"minecraft:baked_potato":17,"minecraft:oak_planks":20,"minecraft:ender_pearl":1,"iceandfire:dragonbone_sword_ice":1,"minecraft:wooden_pickaxe":6,"iceandfire:dread_knight_sword":146,"minecraft:golden_apple":3,"minecraft:crafting_table":9,"dungeonsweaponry:guardian_bow":1,"tombstone:bag_of_seeds":1,"iceandfire:silver_pickaxe":91,"iceandfire:dragonbone_bow":1,"minecraft:suspicious_stew":1,"tombstone:magic_scroll":2,"minecraft:stone_axe":17,"minecraft:cobblestone":1,"minecraft:bucket":3,"minecraft:oak_boat":1,"minecraft:experience_bottle":1},"minecraft:killed_by":{"iceandfire:dread_beast":1,"minecraft:player":5,"iceandfire:siren":1,"iceandfire:dread_thrall":1,"iceandfire:dread_ghoul":1,"iceandfire:sea_serpent":3,"iceandfire:dread_knight":3},"minecraft:picked_up":{"minecraft:wooden_axe":3,"minecraft:crafting_table":9,"minecraft:wheat":1,"minecraft:chainmail_boots":2,"iceandfire:witherbone":15,"minecraft:prismarine_shard":7,"minecraft:wooden_pickaxe":1,"minecraft:enchanted_book":1,"minecraft:gold_block":2,"iceandfire:frozen_cobblestone":12,"tombstone:grave_key":1,"minecraft:shield":2,"iceandfire:tide_teal_helmet":1,"minecraft:string":5,"iceandfire:sea_serpent_scales_teal":13,"minecraft:iron_axe":1,"iceandfire:tide_deepblue_chestplate":1,"iceandfire:sea_serpent_scales_bronze":46,"iceandfire:graveyard_soil":2,"minecraft:bucket":1,"minecraft:beef":23,"iceandfire:dragonforge_ice_brick":4,"iceandfire:dread_knight_sword":3,"iceandfire:dread_shard":49,"minecraft:iron_nugget":2,"minecraft:poppy":1,"dynamictrees:oak_seed":4,"minecraft:light_gray_wool":2,"minecraft:sugar_cane":7,"minecraft:furnace":8,"iceandfire:dragonbone":8,"minecraft:sandstone":2,"minecraft:spruce_pressure_plate":1,"minecraft:stick":22,"minecraft:raw_iron":3,"iceandfire:ghost_chest":1,"minecraft:raw_gold_block":2,"minecraft:copper_ingot":6,"iceandfire:dread_sword":2,"epicfight:skillbook":1,"tombstone:grave_dust":17,"minecraft:prismarine_crystals":22,"minecraft:arrow":1,"minecraft:rotten_flesh":14,"minecraft:stripped_dark_oak_wood":1,"minecraft:totem_of_undying":2,"minecraft:mutton":6,"minecraft:iron_bars":6,"minecraft:snowball":7,"minecraft:white_wool":3,"minecraft:cobblestone":41,"minecraft:sponge":6,"iceandfire:silver_axe":1,"minecraft:cooked_beef":79,"iceandfire:sea_serpent_fang":35,"minecraft:leather":3,"biomesoplenty:fir_log":6,"minecraft:chainmail_chestplate":2,"minecraft:oak_log":16,"iceandfire:ectoplasm":3,"minecraft:gunpowder":3,"minecraft:dirt":6,"minecraft:white_banner":1,"tombstone:gift":2,"iceandfire:dragonbone_sword_ice":1,"iceandfire:tide_bronze_chestplate":1,"minecraft:cooked_mutton":2,"minecraft:bone":58,"minecraft:stone_bricks":2,"epicfight:iron_greatsword":1,"minecraft:bow":2,"minecraft:wheat_seeds":3,"minecraft:iron_ingot":3,"minecraft:cobweb":1,"tombstone:bag_of_seeds":1,"minecraft:oak_planks":40,"iceandfire:sea_serpent_scales_deepblue":58,"iceandfire:copper_nugget":1,"epicfight:stone_greatsword":2,"minecraft:torchflower_seeds":3,"minecraft:sand":5,"iceandfire:shiny_scales":2,"minecraft:spruce_log":5,"dungeonsweaponry:dancers_sword":1,"minecraft:barrel":1,"minecraft:dark_oak_log":4,"minecraft:spider_eye":3,"iceandfire:silver_pickaxe":1,"minecraft:diamond":2,"minecraft:stone_axe":2,"minecraft:chainmail_leggings":1,"iceandfire:dragonforge_ice_input":1,"minecraft:golden_apple":4,"minecraft:chainmail_helmet":2,"minecraft:emerald":161,"minecraft:baked_potato":1,"tombstone:magic_scroll":2,"minecraft:melon_seeds":5,"minecraft:coal":43,"iceandfire:raw_silver":7,"minecraft:ender_pearl":2},"minecraft:mined":{"biomesoplenty:watergrass":1,"iceandfire:silver_ore":5,"minecraft:dark_oak_log":1,"iceandfire:frozen_cobblestone":10,"iceandfire:frozen_stone":9,"minecraft:grass_block":4,"iceandfire:dragonforge_ice_brick":4,"minecraft:spawner":3,"minecraft:furnace":4,"minecraft:raw_gold_block":2,"minecraft:iron_ore":4,"minecraft:stripped_dark_oak_wood":1,"minecraft:gold_block":2,"minecraft:vine":1,"minecraft:iron_bars":6,"biomesoplenty:spider_egg":1,"minecraft:stone":30,"minecraft:crafting_table":7,"minecraft:sponge":6,"iceandfire:ghost_chest":1,"minecraft:lightning_rod":1,"minecraft:tall_grass":1,"minecraft:cobblestone":2,"minecraft:sugar_cane":4,"minecraft:wall_torch":1,"biomesoplenty:fir_log":6,"iceandfire:dragonforge_ice_input":1,"minecraft:grass":5,"minecraft:oak_log":1,"minecraft:coal_ore":43,"minecraft:sand":2,"minecraft:dirt":2,"minecraft:cobweb":1,"dynamictrees:oak_sapling":1,"dungeonsweaponry:emerald_pot":11,"minecraft:stone_bricks":5,"minecraft:fern":1}},"DataVersion":3465}