{"stats":{"minecraft:killed_by":{"minecraft:stray":1,"minecraft:player":1},"minecraft:used":{"born_in_chaos_v1:corpse_maggot":1,"minecraft:wooden_axe":37,"minecraft:crafting_table":1,"minecraft:potato":4,"farmersdelight:onion":4},"minecraft:custom":{"minecraft:time_since_rest":7584,"minecraft:crouch_one_cm":165,"minecraft:play_time":15688,"minecraft:sprint_one_cm":72252,"minecraft:deaths":6,"minecraft:damage_taken":1149,"minecraft:walk_one_cm":86168,"minecraft:sneak_time":89,"minecraft:mob_kills":5,"minecraft:jump":142,"minecraft:damage_dealt":730,"minecraft:leave_game":4,"minecraft:time_since_death":7558,"minecraft:total_world_time":15688,"minecraft:interact_with_crafting_table":2,"minecraft:fall_one_cm":1817,"minecraft:fly_one_cm":47144},"minecraft:killed":{"luminousworld:frigid_zombie":2,"born_in_chaos_v1:maggot":3},"minecraft:crafted":{"minecraft:crafting_table":1,"minecraft:spruce_planks":52,"minecraft:wooden_pickaxe":1,"minecraft:wooden_axe":1},"minecraft:picked_up":{"born_in_chaos_v1:corpse_maggot":1,"rpgsmw:class_choose_orb":2,"minecraft:crafting_table":1,"minecraft:stick":8,"minecraft:bone":1,"minecraft:rotten_flesh":2,"farmersdelight:onion":12,"minecraft:potato":25,"minecraft:spruce_sapling":10,"minecraft:emerald":4,"minecraft:spruce_log":13,"minecraft:snowball":2,"cnc:field_guide":2},"minecraft:mined":{"realmrpg_skeletons:snow_skeleton":1,"minecraft:spruce_log":13,"farmersdelight:onions":10,"minecraft:potatoes":12,"minecraft:crafting_table":1}},"DataVersion":3465}