{"stats":{"minecraft:crafted":{"minecraft:oak_planks":8,"minecraft:crafting_table":1,"minecraft:stick":4},"minecraft:mined":{"minecraft:grass":12,"minecraft:oak_log":2,"minecraft:crafting_table":1},"minecraft:custom":{"minecraft:time_since_rest":26959,"minecraft:crouch_one_cm":21,"minecraft:sprint_one_cm":10862,"minecraft:play_time":26959,"minecraft:damage_taken":25,"minecraft:walk_one_cm":3478,"minecraft:sneak_time":10,"minecraft:drop":3,"minecraft:jump":82,"minecraft:damage_dealt":35,"minecraft:leave_game":2,"minecraft:time_since_death":26959,"minecraft:total_world_time":26959,"minecraft:interact_with_crafting_table":1,"minecraft:fall_one_cm":2299,"minecraft:fly_one_cm":21396},"minecraft:used":{"minecraft:crafting_table":1},"minecraft:picked_up":{"minecraft:crafting_table":1,"minecraft:wheat_seeds":5,"minecraft:oak_log":2},"minecraft:dropped":{"minecraft:wheat_seeds":5}},"DataVersion":3465}