{"stats":{"minecraft:dropped":{"biomesoplenty:fir_log":9,"minecraft:enchanted_book":1,"minecraft:iron_ingot":13,"minecraft:furnace":3,"minecraft:stone_axe":2,"minecraft:cooked_beef":11,"dynamictrees:birch_seed":1,"minecraft:crafting_table":3,"mvw:stone_double_axe":1,"minecraft:cobblestone":17,"minecraft:rotten_flesh":1,"minecraft:oak_planks":51,"dungeonsweaponry:glaive":4,"biomesoplenty:white_petals":3,"dungeonsweaponry:frost_scythe":1,"minecraft:coal":49,"minecraft:stick":1,"minecraft:pufferfish":1,"minecraft:dirt":4,"iceandfire:sapphire_gem":2,"biomesoplenty:fir_planks":25,"minecraft:torch":1,"minecraft:spruce_planks":12,"tombstone:grave_key":4,"minecraft:mutton":2,"tombstone:grave_dust":7,"aquaculture:box_turtle":1,"minecraft:slime_ball":3,"epicfight:stone_greatsword":4,"minecraft:iron_axe":1,"minecraft:arrow":2,"minecraft:bow":2,"minecraft:mud":2,"minecraft:stone_pickaxe":3,"minecraft:wooden_pickaxe":4,"minecraft:string":1,"minecraft:white_wool":3,"iceandfire:silver_pickaxe":2,"iceandfire:dragonbone":7,"minecraft:bone":12},"minecraft:killed":{"dungeonsweaponry:vanguard":5,"minecraft:spider":2,"minecraft:creeper":1,"minecraft:skeleton":4,"minecraft:zombie":7},"minecraft:custom":{"minecraft:interact_with_furnace":6,"minecraft:mob_kills":19,"minecraft:interact_with_crafting_table":17,"minecraft:leave_game":4,"minecraft:time_since_death":1660,"minecraft:climb_one_cm":316,"minecraft:time_since_rest":1358,"minecraft:sprint_one_cm":281249,"minecraft:damage_taken":13222,"minecraft:walk_one_cm":355281,"minecraft:trigger_trapped_chest":1,"tombstone:sneak_grave":1,"minecraft:drop":81,"minecraft:damage_dealt":8037,"minecraft:swim_one_cm":21044,"minecraft:fly_one_cm":383972,"minecraft:player_kills":8,"minecraft:open_chest":3,"minecraft:crouch_one_cm":12208,"minecraft:play_time":88268,"tombstone:undead_killed":11,"minecraft:deaths":13,"minecraft:sneak_time":3865,"minecraft:walk_under_water_one_cm":18175,"tombstone:tomb_raiding":4,"minecraft:jump":1385,"minecraft:walk_on_water_one_cm":20739,"minecraft:total_world_time":88268,"minecraft:fish_caught":2,"minecraft:fall_one_cm":30307},"minecraft:crafted":{"minecraft:cherry_planks":16,"minecraft:wooden_sword":2,"minecraft:oak_planks":40,"minecraft:crafting_table":2,"minecraft:wooden_pickaxe":1,"epicfight:stone_greatsword":1,"mvw:stone_katana":1,"mvw:stone_saber":1,"minecraft:air":0,"mvw:stone_double_axe":1,"minecraft:stick":16,"minecraft:iron_ingot":10,"minecraft:stone_pickaxe":1,"minecraft:wooden_axe":1,"aquaculture:iron_fishing_rod":1,"minecraft:torch":8},"minecraft:killed_by":{"minecraft:player":9,"dungeonsweaponry:nameless_one":1},"minecraft:used":{"minecraft:mossy_stone_bricks":1,"epicfight:skillbook":1,"minecraft:polished_andesite":1,"dungeonsweaponry:power_bow":2,"minecraft:stone_pickaxe":70,"iceandfire:dragon_skull_ice":1,"minecraft:wooden_pickaxe":3,"enderite:gilded_enderite_chestplate":1,"minecraft:torch":15,"enderite:gilded_enderite_leggings":1,"enderite:enderite_sword":3,"enderite:gilded_enderite_helmet":1,"dungeonsweaponry:frost_scythe":1,"minecraft:dirt":1,"minecraft:crafting_table":4,"minecraft:wooden_axe":10,"aquaculture:iron_fishing_rod":5,"enderite:gilded_enderite_boots":1,"minecraft:stone_bricks":5,"epicfight:stone_greatsword":82,"minecraft:wooden_sword":16,"minecraft:cobblestone":14,"mvw:stone_double_axe":8,"tombstone:gift":4,"minecraft:cooked_beef":23},"minecraft:picked_up":{"minecraft:mud":2,"iceandfire:sapphire_gem":1,"minecraft:crafting_table":2,"minecraft:cooked_beef":12,"minecraft:wooden_pickaxe":1,"dungeonsweaponry:power_bow":1,"minecraft:oak_log":10,"minecraft:dirt":2,"minecraft:string":2,"minecraft:pufferfish":1,"minecraft:bone":9,"minecraft:stone_bricks":5,"minecraft:bow":1,"dynamictrees:birch_seed":1,"minecraft:stone_pickaxe":1,"aquaculture:box_turtle":1,"minecraft:mossy_stone_bricks":1,"minecraft:raw_iron":11,"iceandfire:dragonbone":7,"epicfight:stone_greatsword":1,"minecraft:torch":8,"epicfight:skillbook":1,"dungeonsweaponry:frost_scythe":1,"minecraft:cherry_log":4,"tombstone:grave_dust":5,"enderite:enderite_sword":1,"minecraft:polished_andesite":1,"iceandfire:dragon_skull_ice":2,"minecraft:arrow":4,"minecraft:rotten_flesh":4,"minecraft:emerald":2,"dungeonsweaponry:glaive":7,"biomesoplenty:white_petals":5,"minecraft:cod":1,"minecraft:coal":9,"iceandfire:raw_silver":7,"minecraft:cobblestone":38},"minecraft:mined":{"iceandfire:silver_ore":7,"minecraft:cherry_log":4,"minecraft:crafting_table":1,"minecraft:torch":6,"biomesoplenty:dead_leaves":3,"minecraft:grass_block":1,"biomesoplenty:white_petals":1,"minecraft:cobblestone":1,"minecraft:wall_torch":3,"minecraft:mud":2,"minecraft:fire":1,"minecraft:iron_ore":11,"minecraft:grass":13,"minecraft:oak_log":10,"minecraft:coal_ore":9,"minecraft:stone_bricks":6,"minecraft:stone":38,"minecraft:fern":9}},"DataVersion":3465}