{"stats":{"minecraft:dropped":{"biomesoplenty:fir_log":9,"minecraft:clay":1,"minecraft:iron_sword":2,"iceandfire:raw_silver":11,"minecraft:moss_block":4,"minecraft:lapis_lazuli":5,"minecraft:cooked_beef":20,"minecraft:baked_potato":10,"minecraft:crafting_table":3,"minecraft:glow_berries":5,"minecraft:cracked_stone_bricks":2,"minecraft:cod":1,"minecraft:flint":5,"minecraft:dirt":7,"mvw:stone_saber":1,"minecraft:mutton":15,"aquaculture:box_turtle":1,"minecraft:wet_sponge":1,"iceandfire:ash":1,"minecraft:stripped_oak_wood":6,"minecraft:white_wool":3,"minecraft:bone":45,"minecraft:gravel":17,"minecraft:stone_axe":2,"minecraft:cobbled_deepslate":281,"minecraft:rotten_flesh":2,"minecraft:oak_planks":51,"dungeonsweaponry:claymore":3,"biomesoplenty:white_petals":3,"dungeonsweaponry:frost_scythe":1,"minecraft:poppy":2,"iceandfire:sapphire_gem":3,"minecraft:gunpowder":2,"travelersbackpack:white_sleeping_bag":3,"minecraft:melon_seeds":2,"minecraft:chest":1,"minecraft:arrow":2,"minecraft:beef":3,"dungeonsweaponry:power_bow":1,"iceandfire:silver_pickaxe":2,"minecraft:iron_ingot":13,"minecraft:enchanted_book":1,"minecraft:bread":64,"minecraft:wheat_seeds":8,"dynamictrees:birch_seed":1,"minecraft:diamond_leggings":1,"minecraft:prismarine_shard":3,"minecraft:feather":1,"minecraft:cobblestone":48,"minecraft:prismarine_crystals":4,"minecraft:coal":49,"minecraft:stick":1,"minecraft:pufferfish":1,"minecraft:torch":1,"tombstone:grave_key":4,"epicfight:iron_greatsword":1,"minecraft:diamond_helmet":1,"tombstone:grave_dust":8,"minecraft:iron_leggings":1,"epicfight:stone_greatsword":5,"minecraft:iron_axe":1,"minecraft:mud":2,"minecraft:string":4,"iceandfire:dragon_skull_fire":1,"minecraft:acacia_planks":56,"minecraft:spruce_sapling":2,"mvw:stone_katana":1,"iceandfire:frozen_cobblestone":69,"iceandfire:dragonbone":11,"iceandfire:silver_nugget":71,"minecraft:furnace":5,"minecraft:kelp":3,"minecraft:sweet_berries":12,"minecraft:bowl":1,"minecraft:tuff":19,"mvw:stone_double_axe":1,"minecraft:raw_iron":4,"minecraft:chicken":1,"minecraft:light_gray_wool":1,"minecraft:clay_ball":32,"minecraft:iron_boots":1,"iceandfire:dragon_skull_ice":1,"minecraft:stone_slab":8,"dungeonsweaponry:glaive":20,"minecraft:torchflower_seeds":3,"minecraft:spruce_fence":1,"minecraft:suspicious_stew":1,"biomesoplenty:fir_planks":25,"minecraft:diamond_chestplate":1,"minecraft:spruce_planks":12,"minecraft:iron_chestplate":1,"minecraft:stone_bricks":8,"minecraft:diamond_boots":1,"minecraft:slime_ball":3,"minecraft:bow":2,"minecraft:stone_pickaxe":5,"minecraft:wooden_pickaxe":4},"minecraft:broken":{"minecraft:iron_pickaxe":1},"minecraft:custom":{"minecraft:interact_with_crafting_table":41,"minecraft:open_barrel":46,"minecraft:bell_ring":3,"minecraft:leave_game":12,"minecraft:time_since_death":15076,"minecraft:sprint_one_cm":691576,"minecraft:drop":227,"minecraft:talked_to_villager":9,"minecraft:play_time":246086,"minecraft:deaths":17,"tombstone:tomb_raiding":4,"minecraft:jump":4204,"minecraft:walk_on_water_one_cm":135431,"minecraft:interact_with_furnace":24,"minecraft:interact_with_loom":1,"tombstone:sneak_grave":1,"minecraft:damage_dealt":35293,"minecraft:player_kills":8,"minecraft:crouch_one_cm":30438,"tombstone:undead_killed":31,"tombstone:villager_killed":6,"minecraft:interact_with_smoker":2,"minecraft:mob_kills":101,"minecraft:climb_one_cm":9340,"minecraft:walk_one_cm":834910,"minecraft:sneak_time":9405,"minecraft:walk_under_water_one_cm":141907,"minecraft:boat_one_cm":67307,"minecraft:total_world_time":246086,"tombstone:raider_killed":2,"minecraft:time_since_rest":15009,"minecraft:damage_taken":19307,"minecraft:damage_absorbed":120,"minecraft:trigger_trapped_chest":12,"tombstone:cast_on_ally":1,"minecraft:swim_one_cm":249611,"minecraft:fly_one_cm":1384109,"minecraft:open_chest":71,"minecraft:fish_caught":2,"minecraft:fall_one_cm":114409},"minecraft:killed":{"minecraft:cave_spider":1,"minecraft:spider":4,"minecraft:skeleton":6,"minecraft:guardian":6,"minecraft:elder_guardian":1,"minecraft:iron_golem":1,"dungeonsweaponry:nameless_one":1,"minecraft:creeper":4,"minecraft:sheep":8,"minecraft:zombie":16,"iceandfire:sea_serpent":2,"minecraft:evoker":2,"minecraft:vex":3,"dungeonsweaponry:vanguard":27,"iceandfire:dread_thrall":1,"iceandfire:siren":1,"iceandfire:cyclops":1,"iceandfire:ghost":8,"minecraft:villager":6,"minecraft:enderman":1},"minecraft:crafted":{"minecraft:oak_planks":52,"iceandfire:tide_deepblue_chestplate":1,"mvw:stone_katana":1,"mvw:stone_saber":1,"minecraft:diamond_helmet":1,"minecraft:diamond_leggings":1,"minecraft:iron_boots":1,"minecraft:chest":1,"minecraft:crafting_table":5,"minecraft:spruce_planks":12,"minecraft:wooden_pickaxe":1,"iceandfire:tide_deepblue_leggings":1,"minecraft:iron_chestplate":1,"minecraft:diamond_pickaxe":1,"minecraft:stick":32,"minecraft:iron_ingot":23,"aquaculture:iron_fishing_rod":1,"iceandfire:tide_deepblue_boots":1,"minecraft:cherry_planks":16,"minecraft:wooden_sword":2,"epicfight:diamond_greatsword":1,"travelersbackpack:white_sleeping_bag":2,"epicfight:iron_greatsword":1,"minecraft:stone_pickaxe":1,"minecraft:diamond_boots":1,"iceandfire:tide_deepblue_helmet":1,"minecraft:wheat":513,"iceandfire:silver_ingot":12,"iceandfire:tide_trident":1,"epicfight:stone_greatsword":1,"minecraft:bread":173,"minecraft:air":0,"mvw:stone_double_axe":1,"minecraft:wooden_axe":1,"minecraft:iron_leggings":1,"minecraft:torch":24,"iceandfire:silver_pickaxe":3,"minecraft:diamond_chestplate":1},"minecraft:killed_by":{"iceandfire:cyclops":1,"iceandfire:ice_dragon":2,"minecraft:player":10,"dungeonsweaponry:nameless_one":1},"minecraft:used":{"iceandfire:tide_trident":2,"iceandfire:dragon_skull_ice":1,"iceandfire:tide_deepblue_helmet":1,"minecraft:iron_chestplate":1,"enderite:gilded_enderite_helmet":1,"enderite:gilded_enderite_leggings":1,"iceandfire:frozen_stone":2,"epicfight:diamond_greatsword":264,"minecraft:stone_bricks":5,"mvw:stone_double_axe":8,"minecraft:egg":1,"iceandfire:frozen_cobblestone":2,"minecraft:mossy_stone_bricks":1,"epicfight:skillbook":3,"minecraft:stone_pickaxe":125,"minecraft:wooden_pickaxe":3,"minecraft:golden_apple":3,"minecraft:glow_berries":1,"iceandfire:silver_pickaxe":140,"minecraft:bread":1,"minecraft:spore_blossom":1,"minecraft:wooden_sword":16,"minecraft:experience_bottle":1,"minecraft:rose_bush":4,"dungeonsweaponry:power_bow":2,"minecraft:spruce_planks":9,"minecraft:torch":34,"minecraft:dirt":4,"iceandfire:tide_deepblue_leggings":1,"minecraft:wooden_axe":10,"aquaculture:iron_fishing_rod":11,"epicfight:iron_greatsword":9,"enderite:gilded_enderite_boots":1,"epicfight:stone_greatsword":106,"iceandfire:tide_deepblue_chestplate":1,"tombstone:gift":5,"minecraft:cooked_beef":70,"minecraft:acacia_planks":34,"minecraft:cobbled_deepslate":4,"minecraft:iron_leggings":1,"minecraft:polished_andesite":1,"enderite:gilded_enderite_chestplate":1,"enderite:enderite_sword":3,"dungeonsweaponry:frost_scythe":1,"minecraft:crafting_table":7,"minecraft:smoker":1,"tombstone:bag_of_seeds":1,"minecraft:diamond_pickaxe":13,"minecraft:iron_pickaxe":154,"minecraft:suspicious_stew":1,"travelersbackpack:white_sleeping_bag":1,"minecraft:cobblestone":52,"iceandfire:tide_deepblue_boots":1,"minecraft:gray_wool":1},"minecraft:picked_up":{"minecraft:prismarine_shard":3,"minecraft:stone_slab":8,"minecraft:string":5,"minecraft:raw_copper":5,"minecraft:pufferfish":1,"minecraft:cobbled_deepslate":288,"minecraft:gold_nugget":30,"minecraft:rose_bush":4,"minecraft:furnace":2,"minecraft:iron_boots":1,"minecraft:torch":11,"epicfight:skillbook":2,"minecraft:cherry_log":4,"tombstone:grave_dust":6,"enderite:enderite_sword":1,"minecraft:rotten_flesh":5,"minecraft:tropical_fish":2,"biomesoplenty:white_petals":5,"minecraft:cod":1,"minecraft:cobblestone":108,"iceandfire:sapphire_gem":2,"minecraft:feather":1,"minecraft:cooked_beef":13,"minecraft:smoker":1,"dungeonsweaponry:power_bow":2,"minecraft:flint":5,"minecraft:tuff":19,"minecraft:lapis_lazuli":5,"minecraft:dirt":8,"minecraft:bone":42,"minecraft:acacia_planks":59,"minecraft:bow":1,"minecraft:wheat_seeds":5,"minecraft:mossy_stone_bricks":1,"minecraft:moss_block":4,"dungeonsweaponry:hammer_of_gravity":1,"iceandfire:dragon_skull_fire":1,"iceandfire:shiny_scales":2,"travelersbackpack:white_sleeping_bag":2,"minecraft:polished_andesite":1,"minecraft:clay":1,"minecraft:diamond":58,"minecraft:emerald":46,"minecraft:bread":64,"iceandfire:silver_nugget":167,"iceandfire:raw_silver":9,"minecraft:mud":2,"minecraft:crafting_table":2,"minecraft:chicken":1,"minecraft:clay_ball":32,"minecraft:wooden_pickaxe":1,"iceandfire:frozen_cobblestone":71,"iceandfire:frozen_stone":37,"minecraft:cracked_stone_bricks":2,"minecraft:beef":3,"minecraft:poppy":2,"minecraft:light_gray_wool":1,"minecraft:egg":1,"minecraft:raw_iron":28,"iceandfire:dragonbone":11,"minecraft:spruce_fence":1,"dungeonsweaponry:frost_scythe":1,"minecraft:prismarine_crystals":4,"dungeonsweaponry:claymore":3,"iceandfire:dragon_skull_ice":3,"minecraft:arrow":6,"minecraft:hay_block":57,"minecraft:totem_of_undying":2,"minecraft:mutton":33,"minecraft:glow_berries":6,"minecraft:white_wool":6,"minecraft:wet_sponge":1,"iceandfire:sea_serpent_fang":19,"minecraft:oak_log":10,"minecraft:gunpowder":2,"tombstone:gift":1,"minecraft:stone_bricks":13,"minecraft:kelp":3,"minecraft:spore_blossom":1,"minecraft:iron_ingot":3,"minecraft:stone_pickaxe":2,"dynamictrees:birch_seed":1,"aquaculture:box_turtle":1,"minecraft:stripped_oak_wood":9,"tombstone:bag_of_seeds":1,"iceandfire:sea_serpent_scales_deepblue":49,"epicfight:stone_greatsword":1,"minecraft:sweet_berries":3,"iceandfire:ash":1,"minecraft:gravel":17,"minecraft:spruce_sapling":2,"minecraft:spruce_log":3,"minecraft:gray_wool":1,"dungeonsweaponry:glaive":20,"minecraft:melon_seeds":1,"minecraft:coal":31},"minecraft:mined":{"minecraft:cherry_log":4,"biomesoplenty:dead_leaves":3,"minecraft:cave_vines_plant":2,"minecraft:grass_block":4,"minecraft:iron_ore":25,"minecraft:cobbled_deepslate":2,"minecraft:fire":5,"minecraft:cave_vines":1,"minecraft:kelp_plant":1,"minecraft:smoker":1,"minecraft:soul_fire":1,"minecraft:clay":9,"iceandfire:dragon_ice_spikes":3,"minecraft:torch":7,"minecraft:cobblestone":4,"minecraft:wall_torch":4,"minecraft:mud":2,"minecraft:grass":20,"minecraft:oak_log":10,"minecraft:dirt":3,"dungeonsweaponry:emerald_pot":2,"minecraft:deepslate":182,"minecraft:tuff":22,"iceandfire:silver_ore":7,"minecraft:deepslate_diamond_ore":60,"iceandfire:frozen_cobblestone":8,"iceandfire:frozen_stone":6,"biomesoplenty:white_petals":1,"minecraft:kelp":2,"minecraft:hay_block":57,"minecraft:furnace":1,"minecraft:deepslate_iron_ore":3,"biomesoplenty:spider_egg":1,"minecraft:stone":64,"minecraft:smooth_sandstone":2,"minecraft:crafting_table":1,"minecraft:stone_slab":2,"minecraft:spruce_log":3,"minecraft:coal_ore":9,"minecraft:gravel":18,"biomesoplenty:stringy_cobweb":1,"minecraft:cracked_stone_bricks":1,"minecraft:acacia_planks":2,"minecraft:stone_bricks":8,"minecraft:fern":9}},"DataVersion":3465}