{"stats":{"minecraft:dropped":{"biomesoplenty:fir_log":9,"minecraft:iron_ingot":13,"minecraft:enchanted_book":1,"minecraft:bread":64,"minecraft:iron_sword":2,"iceandfire:raw_silver":9,"minecraft:wheat_seeds":7,"minecraft:cooked_beef":19,"dynamictrees:birch_seed":1,"minecraft:crafting_table":3,"minecraft:cobblestone":44,"minecraft:glow_berries":3,"minecraft:coal":49,"minecraft:stick":1,"minecraft:pufferfish":1,"minecraft:dirt":7,"minecraft:torch":1,"tombstone:grave_key":4,"minecraft:mutton":2,"tombstone:grave_dust":7,"epicfight:stone_greatsword":5,"aquaculture:box_turtle":1,"minecraft:iron_axe":1,"minecraft:mud":2,"minecraft:stripped_oak_wood":6,"minecraft:string":1,"minecraft:white_wool":3,"minecraft:spruce_sapling":2,"iceandfire:dragonbone":7,"minecraft:bone":13,"minecraft:furnace":3,"minecraft:stone_axe":2,"minecraft:sweet_berries":9,"mvw:stone_double_axe":1,"minecraft:rotten_flesh":1,"minecraft:light_gray_wool":1,"minecraft:oak_planks":51,"minecraft:stone_slab":8,"dungeonsweaponry:glaive":6,"minecraft:torchflower_seeds":3,"biomesoplenty:white_petals":3,"dungeonsweaponry:frost_scythe":1,"minecraft:poppy":2,"iceandfire:sapphire_gem":2,"biomesoplenty:fir_planks":25,"minecraft:gunpowder":2,"minecraft:spruce_planks":12,"minecraft:melon_seeds":2,"minecraft:chest":1,"minecraft:slime_ball":3,"minecraft:arrow":2,"minecraft:bow":2,"minecraft:wooden_pickaxe":4,"minecraft:stone_pickaxe":3,"dungeonsweaponry:power_bow":1,"iceandfire:silver_pickaxe":2},"minecraft:killed":{"dungeonsweaponry:vanguard":5,"minecraft:spider":2,"minecraft:skeleton":5,"iceandfire:dread_thrall":1,"minecraft:creeper":4,"minecraft:sheep":8,"minecraft:zombie":11,"iceandfire:ghost":1,"minecraft:enderman":1},"minecraft:custom":{"minecraft:mob_kills":38,"minecraft:interact_with_crafting_table":29,"minecraft:leave_game":8,"minecraft:time_since_death":43727,"minecraft:climb_one_cm":4042,"minecraft:sprint_one_cm":452697,"minecraft:walk_one_cm":508363,"minecraft:drop":122,"minecraft:talked_to_villager":1,"minecraft:play_time":130335,"minecraft:deaths":13,"minecraft:sneak_time":5289,"minecraft:walk_under_water_one_cm":19690,"tombstone:tomb_raiding":4,"minecraft:jump":2604,"minecraft:walk_on_water_one_cm":29227,"minecraft:total_world_time":130335,"minecraft:interact_with_furnace":24,"minecraft:interact_with_loom":1,"minecraft:time_since_rest":43425,"minecraft:damage_taken":13924,"tombstone:sneak_grave":1,"minecraft:trigger_trapped_chest":2,"minecraft:damage_dealt":11685,"minecraft:swim_one_cm":21044,"minecraft:fly_one_cm":812131,"minecraft:player_kills":8,"minecraft:open_chest":22,"minecraft:crouch_one_cm":17410,"tombstone:undead_killed":18,"minecraft:interact_with_smoker":2,"minecraft:fish_caught":2,"minecraft:fall_one_cm":73196},"minecraft:crafted":{"minecraft:cherry_planks":16,"minecraft:wooden_sword":2,"minecraft:oak_planks":52,"mvw:stone_katana":1,"mvw:stone_saber":1,"minecraft:iron_boots":1,"minecraft:stone_pickaxe":1,"epicfight:iron_greatsword":1,"minecraft:chest":1,"minecraft:wheat":513,"minecraft:crafting_table":3,"minecraft:spruce_planks":12,"minecraft:wooden_pickaxe":1,"epicfight:stone_greatsword":1,"minecraft:bread":173,"minecraft:air":0,"minecraft:iron_chestplate":1,"mvw:stone_double_axe":1,"minecraft:stick":20,"minecraft:iron_ingot":23,"minecraft:wooden_axe":1,"minecraft:iron_leggings":1,"aquaculture:iron_fishing_rod":1,"minecraft:torch":8},"minecraft:killed_by":{"minecraft:player":9,"dungeonsweaponry:nameless_one":1},"minecraft:used":{"dungeonsweaponry:power_bow":2,"iceandfire:dragon_skull_ice":1,"minecraft:iron_chestplate":1,"enderite:gilded_enderite_leggings":1,"enderite:gilded_enderite_helmet":1,"minecraft:torch":15,"minecraft:dirt":4,"minecraft:wooden_axe":10,"aquaculture:iron_fishing_rod":11,"epicfight:iron_greatsword":9,"enderite:gilded_enderite_boots":1,"epicfight:stone_greatsword":106,"minecraft:stone_bricks":5,"mvw:stone_double_axe":8,"tombstone:gift":4,"minecraft:cooked_beef":33,"minecraft:iron_leggings":1,"epicfight:skillbook":1,"minecraft:mossy_stone_bricks":1,"minecraft:stone_pickaxe":114,"minecraft:polished_andesite":1,"minecraft:wooden_pickaxe":3,"enderite:gilded_enderite_chestplate":1,"enderite:enderite_sword":3,"dungeonsweaponry:frost_scythe":1,"minecraft:crafting_table":5,"minecraft:smoker":1,"tombstone:bag_of_seeds":1,"minecraft:wooden_sword":16,"minecraft:cobblestone":36},"minecraft:picked_up":{"minecraft:mud":2,"minecraft:crafting_table":2,"minecraft:stone_slab":8,"minecraft:wooden_pickaxe":1,"minecraft:string":2,"minecraft:pufferfish":1,"minecraft:poppy":2,"minecraft:light_gray_wool":1,"minecraft:furnace":1,"minecraft:raw_iron":24,"iceandfire:dragonbone":7,"minecraft:torch":8,"minecraft:spruce_fence":1,"epicfight:skillbook":1,"dungeonsweaponry:frost_scythe":1,"minecraft:cherry_log":4,"tombstone:grave_dust":5,"enderite:enderite_sword":1,"iceandfire:dragon_skull_ice":2,"minecraft:arrow":4,"minecraft:rotten_flesh":4,"minecraft:hay_block":57,"biomesoplenty:white_petals":5,"minecraft:glow_berries":3,"minecraft:mutton":10,"minecraft:cod":1,"minecraft:white_wool":6,"minecraft:cobblestone":88,"iceandfire:sapphire_gem":1,"minecraft:cooked_beef":13,"minecraft:smoker":1,"dungeonsweaponry:power_bow":2,"minecraft:oak_log":10,"minecraft:gunpowder":2,"minecraft:dirt":8,"minecraft:bone":10,"minecraft:stone_bricks":5,"minecraft:bow":1,"minecraft:wheat_seeds":4,"dynamictrees:birch_seed":1,"minecraft:stone_pickaxe":1,"aquaculture:box_turtle":1,"tombstone:bag_of_seeds":1,"minecraft:stripped_oak_wood":9,"minecraft:mossy_stone_bricks":1,"epicfight:stone_greatsword":1,"minecraft:spruce_sapling":2,"minecraft:spruce_log":3,"minecraft:polished_andesite":1,"minecraft:clay":1,"minecraft:gray_wool":1,"minecraft:bread":64,"dungeonsweaponry:glaive":7,"minecraft:emerald":2,"minecraft:melon_seeds":1,"minecraft:coal":31,"iceandfire:raw_silver":7},"minecraft:mined":{"iceandfire:silver_ore":7,"minecraft:cherry_log":4,"minecraft:cave_vines_plant":2,"biomesoplenty:dead_leaves":3,"minecraft:grass_block":4,"biomesoplenty:white_petals":1,"minecraft:hay_block":57,"minecraft:furnace":1,"minecraft:iron_ore":24,"minecraft:fire":1,"minecraft:cave_vines":1,"minecraft:stone":64,"minecraft:smoker":1,"minecraft:crafting_table":1,"minecraft:torch":6,"minecraft:stone_slab":2,"minecraft:cobblestone":2,"minecraft:wall_torch":3,"minecraft:mud":2,"minecraft:spruce_log":3,"minecraft:grass":20,"minecraft:oak_log":10,"minecraft:coal_ore":9,"minecraft:dirt":3,"minecraft:stone_bricks":6,"minecraft:fern":9}},"DataVersion":3465}