{"stats":{"minecraft:dropped":{"biomesoplenty:fir_log":9,"minecraft:enchanted_book":1,"minecraft:iron_ingot":13,"minecraft:bread":64,"minecraft:clay":1,"minecraft:iron_sword":2,"iceandfire:raw_silver":11,"minecraft:moss_block":4,"minecraft:wheat_seeds":7,"minecraft:lapis_lazuli":5,"minecraft:cooked_beef":20,"minecraft:baked_potato":10,"dynamictrees:birch_seed":1,"minecraft:crafting_table":3,"minecraft:diamond_leggings":1,"minecraft:feather":1,"minecraft:prismarine_crystals":4,"minecraft:prismarine_shard":3,"minecraft:cobblestone":47,"minecraft:glow_berries":5,"minecraft:cracked_stone_bricks":2,"minecraft:coal":49,"minecraft:cod":1,"minecraft:pufferfish":1,"minecraft:stick":1,"minecraft:flint":5,"minecraft:dirt":7,"minecraft:torch":1,"mvw:stone_saber":1,"tombstone:grave_key":4,"minecraft:mutton":15,"minecraft:diamond_helmet":1,"epicfight:iron_greatsword":1,"tombstone:grave_dust":7,"minecraft:iron_leggings":1,"minecraft:wet_sponge":1,"epicfight:stone_greatsword":5,"aquaculture:box_turtle":1,"iceandfire:ash":1,"minecraft:iron_axe":1,"minecraft:mud":2,"minecraft:stripped_oak_wood":6,"minecraft:string":1,"minecraft:white_wool":3,"minecraft:acacia_planks":56,"mvw:stone_katana":1,"minecraft:spruce_sapling":2,"iceandfire:dragonbone":7,"iceandfire:frozen_cobblestone":69,"minecraft:bone":45,"minecraft:gravel":17,"iceandfire:silver_nugget":71,"minecraft:furnace":5,"minecraft:stone_axe":2,"minecraft:kelp":3,"minecraft:sweet_berries":12,"minecraft:cobbled_deepslate":280,"minecraft:bowl":1,"minecraft:tuff":19,"mvw:stone_double_axe":1,"minecraft:raw_iron":4,"minecraft:rotten_flesh":2,"minecraft:light_gray_wool":1,"minecraft:clay_ball":32,"minecraft:oak_planks":51,"minecraft:iron_boots":1,"dungeonsweaponry:claymore":3,"iceandfire:dragon_skull_ice":1,"minecraft:stone_slab":8,"dungeonsweaponry:glaive":20,"biomesoplenty:white_petals":3,"minecraft:torchflower_seeds":3,"minecraft:spruce_fence":1,"dungeonsweaponry:frost_scythe":1,"minecraft:suspicious_stew":1,"minecraft:poppy":2,"iceandfire:sapphire_gem":3,"biomesoplenty:fir_planks":25,"minecraft:gunpowder":2,"minecraft:diamond_chestplate":1,"travelersbackpack:white_sleeping_bag":3,"minecraft:spruce_planks":12,"minecraft:iron_chestplate":1,"minecraft:melon_seeds":2,"minecraft:chest":1,"minecraft:stone_bricks":8,"minecraft:diamond_boots":1,"minecraft:slime_ball":3,"minecraft:arrow":2,"minecraft:bow":2,"minecraft:stone_pickaxe":5,"minecraft:beef":3,"minecraft:wooden_pickaxe":4,"dungeonsweaponry:power_bow":1,"iceandfire:silver_pickaxe":2},"minecraft:broken":{"minecraft:iron_pickaxe":1},"minecraft:custom":{"minecraft:mob_kills":92,"minecraft:interact_with_crafting_table":41,"minecraft:open_barrel":46,"minecraft:bell_ring":3,"minecraft:leave_game":11,"minecraft:time_since_death":40040,"minecraft:climb_one_cm":4618,"minecraft:sprint_one_cm":602989,"minecraft:walk_one_cm":771890,"minecraft:drop":219,"minecraft:talked_to_villager":9,"minecraft:play_time":212802,"minecraft:deaths":16,"minecraft:sneak_time":8836,"minecraft:walk_under_water_one_cm":137633,"minecraft:boat_one_cm":67307,"tombstone:tomb_raiding":4,"minecraft:jump":3601,"minecraft:walk_on_water_one_cm":122040,"minecraft:total_world_time":212802,"minecraft:interact_with_furnace":24,"tombstone:raider_killed":2,"minecraft:interact_with_loom":1,"minecraft:time_since_rest":39390,"minecraft:damage_taken":18190,"minecraft:damage_absorbed":120,"minecraft:trigger_trapped_chest":12,"tombstone:sneak_grave":1,"minecraft:damage_dealt":32431,"minecraft:swim_one_cm":246237,"minecraft:fly_one_cm":1118160,"minecraft:player_kills":8,"minecraft:open_chest":61,"minecraft:crouch_one_cm":26238,"tombstone:undead_killed":27,"tombstone:villager_killed":6,"minecraft:fall_one_cm":89598,"minecraft:interact_with_smoker":2,"minecraft:fish_caught":2},"minecraft:killed":{"minecraft:vex":3,"minecraft:evoker":2,"dungeonsweaponry:vanguard":27,"minecraft:spider":2,"minecraft:skeleton":5,"minecraft:guardian":6,"iceandfire:dread_thrall":1,"iceandfire:siren":1,"minecraft:elder_guardian":1,"minecraft:iron_golem":1,"dungeonsweaponry:nameless_one":1,"minecraft:creeper":4,"minecraft:sheep":8,"minecraft:zombie":13,"iceandfire:ghost":8,"minecraft:villager":6,"minecraft:enderman":1,"iceandfire:sea_serpent":2},"minecraft:crafted":{"minecraft:cherry_planks":16,"minecraft:wooden_sword":2,"epicfight:diamond_greatsword":1,"minecraft:oak_planks":52,"iceandfire:tide_deepblue_chestplate":1,"mvw:stone_katana":1,"mvw:stone_saber":1,"travelersbackpack:white_sleeping_bag":2,"minecraft:diamond_helmet":1,"minecraft:diamond_leggings":1,"minecraft:iron_boots":1,"minecraft:stone_pickaxe":1,"epicfight:iron_greatsword":1,"minecraft:chest":1,"minecraft:diamond_boots":1,"iceandfire:tide_deepblue_helmet":1,"minecraft:wheat":513,"iceandfire:silver_ingot":12,"minecraft:crafting_table":5,"minecraft:spruce_planks":12,"minecraft:wooden_pickaxe":1,"iceandfire:tide_trident":1,"epicfight:stone_greatsword":1,"iceandfire:tide_deepblue_leggings":1,"minecraft:bread":173,"minecraft:air":0,"minecraft:iron_chestplate":1,"minecraft:diamond_pickaxe":1,"mvw:stone_double_axe":1,"minecraft:stick":32,"minecraft:iron_ingot":23,"minecraft:wooden_axe":1,"minecraft:iron_leggings":1,"aquaculture:iron_fishing_rod":1,"minecraft:torch":24,"iceandfire:silver_pickaxe":3,"minecraft:diamond_chestplate":1,"iceandfire:tide_deepblue_boots":1},"minecraft:killed_by":{"minecraft:player":10,"dungeonsweaponry:nameless_one":1,"iceandfire:ice_dragon":2},"minecraft:used":{"dungeonsweaponry:power_bow":2,"iceandfire:dragon_skull_ice":1,"minecraft:spruce_planks":9,"iceandfire:tide_deepblue_helmet":1,"minecraft:iron_chestplate":1,"enderite:gilded_enderite_leggings":1,"enderite:gilded_enderite_helmet":1,"minecraft:torch":26,"minecraft:dirt":4,"iceandfire:tide_deepblue_leggings":1,"iceandfire:frozen_stone":2,"minecraft:wooden_axe":10,"aquaculture:iron_fishing_rod":11,"epicfight:iron_greatsword":9,"enderite:gilded_enderite_boots":1,"epicfight:diamond_greatsword":235,"epicfight:stone_greatsword":106,"minecraft:stone_bricks":5,"iceandfire:tide_deepblue_chestplate":1,"mvw:stone_double_axe":8,"minecraft:egg":1,"tombstone:gift":4,"minecraft:cooked_beef":60,"iceandfire:frozen_cobblestone":2,"minecraft:cobbled_deepslate":4,"minecraft:iron_leggings":1,"minecraft:acacia_planks":31,"epicfight:skillbook":3,"minecraft:mossy_stone_bricks":1,"minecraft:stone_pickaxe":125,"minecraft:polished_andesite":1,"minecraft:wooden_pickaxe":3,"enderite:gilded_enderite_chestplate":1,"minecraft:golden_apple":3,"enderite:enderite_sword":3,"minecraft:glow_berries":1,"dungeonsweaponry:frost_scythe":1,"minecraft:crafting_table":7,"minecraft:smoker":1,"iceandfire:silver_pickaxe":133,"tombstone:bag_of_seeds":1,"minecraft:diamond_pickaxe":13,"minecraft:suspicious_stew":1,"minecraft:iron_pickaxe":154,"minecraft:bread":1,"travelersbackpack:white_sleeping_bag":1,"minecraft:spore_blossom":1,"minecraft:wooden_sword":16,"minecraft:cobblestone":36,"iceandfire:tide_deepblue_boots":1,"minecraft:experience_bottle":1,"minecraft:gray_wool":1,"iceandfire:tide_trident":1},"minecraft:picked_up":{"minecraft:mud":2,"minecraft:crafting_table":2,"minecraft:chicken":1,"minecraft:clay_ball":32,"minecraft:prismarine_shard":3,"minecraft:stone_slab":8,"minecraft:wooden_pickaxe":1,"iceandfire:frozen_cobblestone":71,"minecraft:string":2,"iceandfire:frozen_stone":37,"minecraft:pufferfish":1,"minecraft:cracked_stone_bricks":2,"minecraft:gold_nugget":18,"minecraft:cobbled_deepslate":284,"minecraft:beef":3,"minecraft:poppy":2,"minecraft:light_gray_wool":1,"minecraft:egg":1,"minecraft:iron_boots":1,"minecraft:furnace":2,"minecraft:raw_iron":28,"iceandfire:dragonbone":7,"minecraft:torch":11,"minecraft:spruce_fence":1,"epicfight:skillbook":2,"dungeonsweaponry:frost_scythe":1,"minecraft:cherry_log":4,"tombstone:grave_dust":5,"enderite:enderite_sword":1,"dungeonsweaponry:claymore":3,"minecraft:prismarine_crystals":4,"iceandfire:dragon_skull_ice":3,"minecraft:arrow":4,"minecraft:rotten_flesh":5,"minecraft:tropical_fish":2,"minecraft:hay_block":57,"minecraft:totem_of_undying":2,"biomesoplenty:white_petals":5,"minecraft:white_wool":6,"minecraft:glow_berries":6,"minecraft:mutton":23,"minecraft:cod":1,"minecraft:cobblestone":90,"minecraft:wet_sponge":1,"iceandfire:sapphire_gem":2,"minecraft:feather":1,"minecraft:cooked_beef":13,"iceandfire:sea_serpent_fang":19,"minecraft:smoker":1,"dungeonsweaponry:power_bow":2,"minecraft:flint":5,"minecraft:tuff":19,"minecraft:oak_log":10,"minecraft:gunpowder":2,"minecraft:lapis_lazuli":5,"minecraft:dirt":8,"minecraft:bone":42,"minecraft:acacia_planks":58,"minecraft:stone_bricks":13,"minecraft:kelp":3,"minecraft:bow":1,"minecraft:wheat_seeds":4,"minecraft:spore_blossom":1,"minecraft:iron_ingot":3,"dynamictrees:birch_seed":1,"minecraft:stone_pickaxe":2,"aquaculture:box_turtle":1,"tombstone:bag_of_seeds":1,"minecraft:stripped_oak_wood":9,"minecraft:mossy_stone_bricks":1,"minecraft:moss_block":4,"iceandfire:sea_serpent_scales_deepblue":49,"dungeonsweaponry:hammer_of_gravity":1,"minecraft:sweet_berries":3,"epicfight:stone_greatsword":1,"iceandfire:ash":1,"minecraft:gravel":17,"iceandfire:shiny_scales":2,"minecraft:spruce_sapling":2,"minecraft:spruce_log":3,"travelersbackpack:white_sleeping_bag":2,"minecraft:polished_andesite":1,"minecraft:clay":1,"minecraft:diamond":53,"minecraft:gray_wool":1,"minecraft:bread":64,"dungeonsweaponry:glaive":20,"minecraft:emerald":46,"minecraft:melon_seeds":1,"iceandfire:silver_nugget":167,"minecraft:coal":31,"iceandfire:raw_silver":9},"minecraft:mined":{"minecraft:tuff":22,"iceandfire:silver_ore":7,"minecraft:deepslate_diamond_ore":55,"minecraft:cherry_log":4,"iceandfire:frozen_cobblestone":8,"minecraft:cave_vines_plant":2,"biomesoplenty:dead_leaves":3,"iceandfire:frozen_stone":6,"minecraft:grass_block":4,"biomesoplenty:white_petals":1,"minecraft:kelp":2,"minecraft:hay_block":57,"minecraft:furnace":1,"minecraft:iron_ore":25,"minecraft:fire":3,"minecraft:cobbled_deepslate":2,"minecraft:cave_vines":1,"minecraft:deepslate_iron_ore":3,"minecraft:stone":64,"minecraft:kelp_plant":1,"minecraft:smoker":1,"minecraft:clay":9,"minecraft:smooth_sandstone":2,"iceandfire:dragon_ice_spikes":3,"minecraft:crafting_table":1,"minecraft:torch":7,"minecraft:stone_slab":2,"minecraft:cobblestone":2,"minecraft:wall_torch":4,"minecraft:mud":2,"minecraft:spruce_log":3,"minecraft:grass":20,"minecraft:coal_ore":9,"minecraft:oak_log":10,"minecraft:gravel":18,"minecraft:dirt":3,"minecraft:cracked_stone_bricks":1,"minecraft:acacia_planks":1,"dungeonsweaponry:emerald_pot":2,"minecraft:stone_bricks":8,"minecraft:deepslate":182,"minecraft:fern":9}},"DataVersion":3465}